USE academico;

INSERT INTO cursos(nome, coordenador, cargaHorariaTotal) VALUES 
('Sistemas de Informação', 'Ana Silva', 3000),
('Ciência da Computação', 'Lucas Alves', 3200),
('Engenharia Civil', 'Fernanda Lima', 4000),
('Direito', 'Carlos Costa', 3800),
('Administração', 'Ricardo Souza', 3000),
('Psicologia', 'Maria Oliveira', 4000),
('Enfermagem', 'Pedro Santos', 4200),
('Arquitetura e Urbanismo', 'Julia Ferreira', 3900),
('Medicina Veterinária', 'Amanda Rodrigues', 4500),
('Educação Física', 'João Pereira', 3200);

INSERT INTO professores(nome, titulacao, email) VALUES ('Pedro Souza 1', 'Especialista', 'prof1@email.com');
INSERT INTO professores(nome, titulacao, email) VALUES ('Amanda Pereira 2', 'Doutor', 'prof2@email.com');
INSERT INTO professores(nome, titulacao, email) VALUES ('Fernanda Costa 3', 'Doutor', 'prof3@email.com');
INSERT INTO professores(nome, titulacao, email) VALUES ('Ana Costa 4', 'Mestre', 'prof4@email.com');
INSERT INTO professores(nome, titulacao, email) VALUES ('Carlos Oliveira 5', 'Mestre', 'prof5@email.com');
INSERT INTO professores(nome, titulacao, email) VALUES ('Amanda Pereira 6', 'Especialista', 'prof6@email.com');
INSERT INTO professores(nome, titulacao, email) VALUES ('Pedro Oliveira 7', 'Mestre', 'prof7@email.com');
INSERT INTO professores(nome, titulacao, email) VALUES ('Fernanda Oliveira 8', 'Doutor', 'prof8@email.com');
INSERT INTO professores(nome, titulacao, email) VALUES ('Ricardo Lima 9', 'Especialista', 'prof9@email.com');
INSERT INTO professores(nome, titulacao, email) VALUES ('Amanda Ferreira 10', 'Especialista', 'prof10@email.com');
INSERT INTO professores(nome, titulacao, email) VALUES ('Pedro Rodrigues 11', 'Mestre', 'prof11@email.com');
INSERT INTO professores(nome, titulacao, email) VALUES ('Fernanda Pereira 12', 'Mestre', 'prof12@email.com');
INSERT INTO professores(nome, titulacao, email) VALUES ('Pedro Souza 13', 'Doutor', 'prof13@email.com');
INSERT INTO professores(nome, titulacao, email) VALUES ('Carlos Lima 14', 'Especialista', 'prof14@email.com');
INSERT INTO professores(nome, titulacao, email) VALUES ('Pedro Lima 15', 'Mestre', 'prof15@email.com');
INSERT INTO professores(nome, titulacao, email) VALUES ('Lucas Alves 16', 'Especialista', 'prof16@email.com');
INSERT INTO professores(nome, titulacao, email) VALUES ('Carlos Silva 17', 'Mestre', 'prof17@email.com');
INSERT INTO professores(nome, titulacao, email) VALUES ('Ricardo Oliveira 18', 'Mestre', 'prof18@email.com');
INSERT INTO professores(nome, titulacao, email) VALUES ('Carlos Alves 19', 'Mestre', 'prof19@email.com');
INSERT INTO professores(nome, titulacao, email) VALUES ('Lucas Souza 20', 'Especialista', 'prof20@email.com');
INSERT INTO professores(nome, titulacao, email) VALUES ('Lucas Lima 21', 'Doutor', 'prof21@email.com');
INSERT INTO professores(nome, titulacao, email) VALUES ('Ana Souza 22', 'Doutor', 'prof22@email.com');
INSERT INTO professores(nome, titulacao, email) VALUES ('Carlos Alves 23', 'Mestre', 'prof23@email.com');
INSERT INTO professores(nome, titulacao, email) VALUES ('Pedro Alves 24', 'Especialista', 'prof24@email.com');
INSERT INTO professores(nome, titulacao, email) VALUES ('Carlos Santos 25', 'Doutor', 'prof25@email.com');
INSERT INTO professores(nome, titulacao, email) VALUES ('Julia Alves 26', 'Doutor', 'prof26@email.com');
INSERT INTO professores(nome, titulacao, email) VALUES ('Fernanda Lima 27', 'Mestre', 'prof27@email.com');
INSERT INTO professores(nome, titulacao, email) VALUES ('Julia Souza 28', 'Doutor', 'prof28@email.com');
INSERT INTO professores(nome, titulacao, email) VALUES ('Amanda Ferreira 29', 'Doutor', 'prof29@email.com');
INSERT INTO professores(nome, titulacao, email) VALUES ('Lucas Souza 30', 'Doutor', 'prof30@email.com');
INSERT INTO professores(nome, titulacao, email) VALUES ('Maria Ferreira 31', 'Especialista', 'prof31@email.com');
INSERT INTO professores(nome, titulacao, email) VALUES ('João Silva 32', 'Especialista', 'prof32@email.com');
INSERT INTO professores(nome, titulacao, email) VALUES ('Maria Souza 33', 'Especialista', 'prof33@email.com');
INSERT INTO professores(nome, titulacao, email) VALUES ('Fernanda Santos 34', 'Mestre', 'prof34@email.com');
INSERT INTO professores(nome, titulacao, email) VALUES ('Pedro Alves 35', 'Doutor', 'prof35@email.com');
INSERT INTO professores(nome, titulacao, email) VALUES ('Pedro Oliveira 36', 'Especialista', 'prof36@email.com');
INSERT INTO professores(nome, titulacao, email) VALUES ('Maria Souza 37', 'Doutor', 'prof37@email.com');
INSERT INTO professores(nome, titulacao, email) VALUES ('Maria Santos 38', 'Mestre', 'prof38@email.com');
INSERT INTO professores(nome, titulacao, email) VALUES ('Carlos Silva 39', 'Doutor', 'prof39@email.com');
INSERT INTO professores(nome, titulacao, email) VALUES ('Ana Oliveira 40', 'Mestre', 'prof40@email.com');
INSERT INTO professores(nome, titulacao, email) VALUES ('Pedro Souza 41', 'Mestre', 'prof41@email.com');
INSERT INTO professores(nome, titulacao, email) VALUES ('Ricardo Oliveira 42', 'Doutor', 'prof42@email.com');
INSERT INTO professores(nome, titulacao, email) VALUES ('Amanda Oliveira 43', 'Especialista', 'prof43@email.com');
INSERT INTO professores(nome, titulacao, email) VALUES ('Amanda Pereira 44', 'Especialista', 'prof44@email.com');
INSERT INTO professores(nome, titulacao, email) VALUES ('João Silva 45', 'Doutor', 'prof45@email.com');
INSERT INTO professores(nome, titulacao, email) VALUES ('Pedro Pereira 46', 'Mestre', 'prof46@email.com');
INSERT INTO professores(nome, titulacao, email) VALUES ('Julia Pereira 47', 'Especialista', 'prof47@email.com');
INSERT INTO professores(nome, titulacao, email) VALUES ('Ana Lima 48', 'Mestre', 'prof48@email.com');
INSERT INTO professores(nome, titulacao, email) VALUES ('Amanda Ferreira 49', 'Especialista', 'prof49@email.com');
INSERT INTO professores(nome, titulacao, email) VALUES ('Carlos Ferreira 50', 'Mestre', 'prof50@email.com');
INSERT INTO professores(nome, titulacao, email) VALUES ('Pedro Oliveira 51', 'Especialista', 'prof51@email.com');
INSERT INTO professores(nome, titulacao, email) VALUES ('Lucas Ferreira 52', 'Especialista', 'prof52@email.com');
INSERT INTO professores(nome, titulacao, email) VALUES ('Lucas Oliveira 53', 'Doutor', 'prof53@email.com');
INSERT INTO professores(nome, titulacao, email) VALUES ('Amanda Oliveira 54', 'Doutor', 'prof54@email.com');
INSERT INTO professores(nome, titulacao, email) VALUES ('Pedro Alves 55', 'Especialista', 'prof55@email.com');
INSERT INTO professores(nome, titulacao, email) VALUES ('Ana Santos 56', 'Doutor', 'prof56@email.com');
INSERT INTO professores(nome, titulacao, email) VALUES ('Amanda Ferreira 57', 'Mestre', 'prof57@email.com');
INSERT INTO professores(nome, titulacao, email) VALUES ('João Santos 58', 'Especialista', 'prof58@email.com');
INSERT INTO professores(nome, titulacao, email) VALUES ('João Souza 59', 'Mestre', 'prof59@email.com');
INSERT INTO professores(nome, titulacao, email) VALUES ('Ana Alves 60', 'Mestre', 'prof60@email.com');
INSERT INTO professores(nome, titulacao, email) VALUES ('Ricardo Costa 61', 'Doutor', 'prof61@email.com');
INSERT INTO professores(nome, titulacao, email) VALUES ('João Souza 62', 'Mestre', 'prof62@email.com');
INSERT INTO professores(nome, titulacao, email) VALUES ('Ricardo Alves 63', 'Mestre', 'prof63@email.com');
INSERT INTO professores(nome, titulacao, email) VALUES ('Ricardo Silva 64', 'Doutor', 'prof64@email.com');
INSERT INTO professores(nome, titulacao, email) VALUES ('Carlos Santos 65', 'Especialista', 'prof65@email.com');
INSERT INTO professores(nome, titulacao, email) VALUES ('Pedro Alves 66', 'Doutor', 'prof66@email.com');
INSERT INTO professores(nome, titulacao, email) VALUES ('Maria Alves 67', 'Especialista', 'prof67@email.com');
INSERT INTO professores(nome, titulacao, email) VALUES ('Carlos Ferreira 68', 'Especialista', 'prof68@email.com');
INSERT INTO professores(nome, titulacao, email) VALUES ('Lucas Santos 69', 'Doutor', 'prof69@email.com');
INSERT INTO professores(nome, titulacao, email) VALUES ('João Pereira 70', 'Especialista', 'prof70@email.com');
INSERT INTO professores(nome, titulacao, email) VALUES ('Fernanda Rodrigues 71', 'Mestre', 'prof71@email.com');
INSERT INTO professores(nome, titulacao, email) VALUES ('Pedro Souza 72', 'Mestre', 'prof72@email.com');
INSERT INTO professores(nome, titulacao, email) VALUES ('João Ferreira 73', 'Doutor', 'prof73@email.com');
INSERT INTO professores(nome, titulacao, email) VALUES ('Lucas Souza 74', 'Doutor', 'prof74@email.com');
INSERT INTO professores(nome, titulacao, email) VALUES ('João Pereira 75', 'Especialista', 'prof75@email.com');
INSERT INTO professores(nome, titulacao, email) VALUES ('Lucas Santos 76', 'Especialista', 'prof76@email.com');
INSERT INTO professores(nome, titulacao, email) VALUES ('Fernanda Santos 77', 'Especialista', 'prof77@email.com');
INSERT INTO professores(nome, titulacao, email) VALUES ('Ricardo Rodrigues 78', 'Especialista', 'prof78@email.com');
INSERT INTO professores(nome, titulacao, email) VALUES ('Fernanda Costa 79', 'Doutor', 'prof79@email.com');
INSERT INTO professores(nome, titulacao, email) VALUES ('Ricardo Rodrigues 80', 'Mestre', 'prof80@email.com');
INSERT INTO professores(nome, titulacao, email) VALUES ('João Costa 81', 'Mestre', 'prof81@email.com');
INSERT INTO professores(nome, titulacao, email) VALUES ('Maria Souza 82', 'Especialista', 'prof82@email.com');
INSERT INTO professores(nome, titulacao, email) VALUES ('Fernanda Alves 83', 'Doutor', 'prof83@email.com');
INSERT INTO professores(nome, titulacao, email) VALUES ('Ricardo Costa 84', 'Especialista', 'prof84@email.com');
INSERT INTO professores(nome, titulacao, email) VALUES ('Maria Silva 85', 'Doutor', 'prof85@email.com');
INSERT INTO professores(nome, titulacao, email) VALUES ('Lucas Santos 86', 'Especialista', 'prof86@email.com');
INSERT INTO professores(nome, titulacao, email) VALUES ('Ana Oliveira 87', 'Mestre', 'prof87@email.com');
INSERT INTO professores(nome, titulacao, email) VALUES ('Amanda Costa 88', 'Mestre', 'prof88@email.com');
INSERT INTO professores(nome, titulacao, email) VALUES ('Pedro Costa 89', 'Especialista', 'prof89@email.com');
INSERT INTO professores(nome, titulacao, email) VALUES ('João Alves 90', 'Mestre', 'prof90@email.com');
INSERT INTO professores(nome, titulacao, email) VALUES ('Lucas Costa 91', 'Doutor', 'prof91@email.com');
INSERT INTO professores(nome, titulacao, email) VALUES ('Amanda Pereira 92', 'Doutor', 'prof92@email.com');
INSERT INTO professores(nome, titulacao, email) VALUES ('Pedro Lima 93', 'Especialista', 'prof93@email.com');
INSERT INTO professores(nome, titulacao, email) VALUES ('Ricardo Souza 94', 'Doutor', 'prof94@email.com');
INSERT INTO professores(nome, titulacao, email) VALUES ('Amanda Ferreira 95', 'Mestre', 'prof95@email.com');
INSERT INTO professores(nome, titulacao, email) VALUES ('Ana Oliveira 96', 'Mestre', 'prof96@email.com');
INSERT INTO professores(nome, titulacao, email) VALUES ('Carlos Costa 97', 'Especialista', 'prof97@email.com');
INSERT INTO professores(nome, titulacao, email) VALUES ('Lucas Lima 98', 'Especialista', 'prof98@email.com');
INSERT INTO professores(nome, titulacao, email) VALUES ('João Pereira 99', 'Doutor', 'prof99@email.com');
INSERT INTO professores(nome, titulacao, email) VALUES ('Ana Oliveira 100', 'Doutor', 'prof100@email.com');
INSERT INTO professores(nome, titulacao, email) VALUES ('Pedro Santos 101', 'Doutor', 'prof101@email.com');
INSERT INTO professores(nome, titulacao, email) VALUES ('Ricardo Pereira 102', 'Mestre', 'prof102@email.com');
INSERT INTO professores(nome, titulacao, email) VALUES ('Maria Oliveira 103', 'Doutor', 'prof103@email.com');
INSERT INTO professores(nome, titulacao, email) VALUES ('Ana Costa 104', 'Mestre', 'prof104@email.com');
INSERT INTO professores(nome, titulacao, email) VALUES ('Ricardo Silva 105', 'Especialista', 'prof105@email.com');
INSERT INTO professores(nome, titulacao, email) VALUES ('Maria Pereira 106', 'Doutor', 'prof106@email.com');
INSERT INTO professores(nome, titulacao, email) VALUES ('Maria Alves 107', 'Especialista', 'prof107@email.com');
INSERT INTO professores(nome, titulacao, email) VALUES ('Lucas Pereira 108', 'Especialista', 'prof108@email.com');
INSERT INTO professores(nome, titulacao, email) VALUES ('Maria Ferreira 109', 'Doutor', 'prof109@email.com');
INSERT INTO professores(nome, titulacao, email) VALUES ('Ricardo Ferreira 110', 'Mestre', 'prof110@email.com');
INSERT INTO professores(nome, titulacao, email) VALUES ('Amanda Silva 111', 'Mestre', 'prof111@email.com');
INSERT INTO professores(nome, titulacao, email) VALUES ('Ricardo Lima 112', 'Doutor', 'prof112@email.com');
INSERT INTO professores(nome, titulacao, email) VALUES ('Ricardo Oliveira 113', 'Doutor', 'prof113@email.com');
INSERT INTO professores(nome, titulacao, email) VALUES ('Maria Silva 114', 'Especialista', 'prof114@email.com');
INSERT INTO professores(nome, titulacao, email) VALUES ('Lucas Rodrigues 115', 'Doutor', 'prof115@email.com');
INSERT INTO professores(nome, titulacao, email) VALUES ('Ana Rodrigues 116', 'Mestre', 'prof116@email.com');
INSERT INTO professores(nome, titulacao, email) VALUES ('Pedro Silva 117', 'Especialista', 'prof117@email.com');
INSERT INTO professores(nome, titulacao, email) VALUES ('Lucas Oliveira 118', 'Mestre', 'prof118@email.com');
INSERT INTO professores(nome, titulacao, email) VALUES ('Amanda Santos 119', 'Mestre', 'prof119@email.com');
INSERT INTO professores(nome, titulacao, email) VALUES ('Carlos Costa 120', 'Especialista', 'prof120@email.com');
INSERT INTO disciplinas(nomeDisciplina, cargaHoraria) VALUES
('Algoritmos e Lógica de Programação', 80),
('Programação Orientada a Objetos', 80),
('Banco de Dados', 60),
('Engenharia de Software', 80),
('Desenvolvimento Web', 60),
('Redes de Computadores', 60),
('Segurança da Informação', 60),
('Inteligência Artificial', 80),
('Estrutura de Dados', 80),
('Sistemas Operacionais', 80),
('Cálculo I', 80),
('Cálculo II', 80),
('Física Geral', 80),
('Resistência dos Materiais', 100),
('Topografia', 60),
('Mecânica dos Solos', 80),
('Construção Civil', 100),
('Hidráulica', 80),
('Estruturas de Concreto', 100),
('Desenho Técnico', 60),
('Teoria Geral do Direito', 60),
('Direito Constitucional', 80),
('Direito Penal', 80),
('Direito Civil', 80),
('Direito Trabalhista', 60),
('Direito Empresarial', 60),
('Direitos Humanos', 60),
('Ética Profissional', 40),
('Processo Penal', 80),
('Mediação e Arbitragem', 60),
('Administração Financeira', 80),
('Gestão de Pessoas', 60),
('Marketing', 60),
('Empreendedorismo', 60),
('Contabilidade Geral', 80),
('Planejamento Estratégico', 60),
('Economia', 60),
('Logística Empresarial', 60),
('Gestão de Projetos', 80),
('Comércio Exterior', 60),
('Psicologia Geral', 60),
('Psicologia Cognitiva', 80),
('Psicologia Social', 60),
('Psicopatologia', 80),
('Neuropsicologia', 80),
('Psicanálise', 60),
('Avaliação Psicológica', 80),
('Psicologia Organizacional', 60),
('Psicologia Infantil', 60),
('Ética em Psicologia', 40),
('Anatomia Humana', 100),
('Fisiologia Humana', 80),
('Microbiologia', 60),
('Farmacologia', 80),
('Enfermagem Clínica', 100),
('Urgência e Emergência', 80),
('Saúde Coletiva', 60),
('Bioquímica', 60),
('Parasitologia', 60),
('Primeiros Socorros', 40),
('História da Arquitetura', 60),
('Projeto Arquitetônico', 100),
('Urbanismo', 80),
('Paisagismo', 60),
('Conforto Ambiental', 60),
('Maquete e Modelagem', 60),
('Arquitetura Sustentável', 80),
('Desenho Arquitetônico', 80),
('Planejamento Urbano', 80),
('Tecnologia das Construções', 80),
('Anatomia Veterinária', 100),
('Zoologia', 60),
('Clínica Veterinária', 100),
('Cirurgia Veterinária', 100),
('Nutrição Animal', 60),
('Parasitologia Veterinária', 80),
('Reprodução Animal', 80),
('Patologia Animal', 80),
('Saúde Animal', 60),
('Farmacologia Veterinária', 80),
('Biomecânica', 60),
('Fisiologia do Exercício', 80),
('Treinamento Esportivo', 80),
('Nutrição Esportiva', 60),
('Educação Física Escolar', 80),
('Recreação e Lazer', 60),
('Esportes Coletivos', 80),
('Atividade Física e Saúde', 60),
('Avaliação Física', 60),
('Psicomotricidade', 60),
('Machine Learning', 80),
('Computação em Nuvem', 60),
('Big Data', 80),
('Análise de Sistemas', 80),
('Programação Mobile', 60),
('UX e UI Design', 60),
('Computação Gráfica', 80),
('Internet das Coisas', 60),
('Data Science', 80),
('Auditoria de Sistemas', 60),
('Bioética', 40),
('Metodologia Científica', 40),
('Comunicação Empresarial', 40),
('Sociologia', 60),
('Filosofia', 40),
('Estatística', 60),
('Matemática Financeira', 60),
('Gestão Ambiental', 60),
('Empreendedorismo Digital', 60),
('Legislação Profissional', 40),
('Inglês Técnico', 40),
('Produção Textual', 40),
('Didática', 60),
('Gestão Hospitalar', 60),
('Programação Avançada', 80),
('Banco de Dados Avançado', 80),
('Redes Sem Fio', 60),
('Segurança em Redes', 80),
('Direito Digital', 60),
('Perícia Forense Computacional', 80),
('Ética e Cidadania', 40),
('Pesquisa Operacional', 60),
('Gestão da Qualidade', 60),
('Administração Pública', 60),
('Psicologia do Trabalho', 60),
('Engenharia Econômica', 60),
('Arquitetura de Software', 80),
('Computação Distribuída', 80),
('Desenvolvimento Full Stack', 100),
('Projeto Integrador', 100),
('Desenvolvimento de APIs', 80),
('Frameworks Java', 80),
('Programação em Python', 60),
('Teste de Software', 60),
('Versionamento com Git', 40),
('DevOps', 80),
('Kubernetes', 60),
('Docker e Containers', 60),
('Computação Paralela', 80),
('Mineração de Dados', 80),
('Visão Computacional', 80),
('Processamento de Imagens', 60),
('Programação Funcional', 60),
('Compiladores', 80),
('Linguagens Formais e Autômatos', 80),
('Governança de TI', 60),
('Business Intelligence', 60),
('Análise e Projeto de Sistemas', 80),
('Qualidade de Software', 60),
('Engenharia de Requisitos', 60),
('Pavimentação', 80),
('Saneamento Básico', 80),
('Engenharia de Tráfego', 60),
('Materiais de Construção', 80),
('Pontes e Viadutos', 80),
('Geotecnia', 80),
('Instalações Elétricas Prediais', 60),
('Instalações Hidrossanitárias', 60),
('Planejamento de Obras', 80),
('Gerenciamento de Obras', 80),
('Engenharia de Transportes', 60),
('Concreto Protendido', 80),
('Estruturas Metálicas', 80),
('Fundações', 80),
('Patologia das Construções', 60),
('Orçamento de Obras', 60),
('Construções Sustentáveis', 60),
('Engenharia Ambiental', 60),
('Segurança do Trabalho na Construção', 40),
('Projeto Estrutural', 100),
('Direito Tributário', 80),
('Direito Administrativo', 80),
('Direito Ambiental', 60),
('Direito Internacional', 60),
('Direito Previdenciário', 60),
('Direito do Consumidor', 60),
('Direito Eleitoral', 60),
('Direito Processual Civil', 80),
('Criminologia', 60),
('Prática Jurídica Penal', 80),
('Prática Jurídica Civil', 80),
('Oratória Jurídica', 40),
('Direito Financeiro', 60),
('Direito Bancário', 60),
('Direito da Criança e do Adolescente', 60),
('Direito Médico', 60),
('Direito Imobiliário', 60),
('Direito Digital Avançado', 80),
('Execução Penal', 60),
('Compliance e Governança', 60),
('Administração de Produção', 80),
('Gestão de Custos', 60),
('Liderança Empresarial', 60),
('Consultoria Organizacional', 60),
('Mercado Financeiro', 80),
('Análise de Crédito', 60),
('Gestão de Startups', 60),
('Negociação Empresarial', 60),
('Planejamento Financeiro', 60),
('Administração Mercadológica', 60),
('Gestão de Serviços', 60),
('Gestão Comercial', 60),
('Finanças Corporativas', 80),
('Estratégias Competitivas', 60),
('Tomada de Decisão', 60),
('Controladoria', 80),
('Governança Corporativa', 60),
('Análise Organizacional', 60),
('Inovação Empresarial', 60),
('Gestão de Processos', 60),
('Psicologia Clínica', 80),
('Psicologia Hospitalar', 60),
('Psicologia Jurídica', 60),
('Psicologia Experimental', 80),
('Teorias da Personalidade', 60),
('Saúde Mental', 60),
('Psicologia da Aprendizagem', 60),
('Psicologia Comunitária', 60),
('Dependência Química', 60),
('Psicologia da Família', 60),
('Psicologia Escolar', 60),
('Psicologia Humanista', 60),
('Psicoterapia', 80),
('Entrevista Psicológica', 40),
('Psicodiagnóstico', 80),
('Psicologia e Inclusão', 60),
('Psicologia do Desenvolvimento', 80),
('Intervenções Psicológicas', 60),
('Psicologia da Saúde', 60),
('Psicologia Comportamental', 60),
('Enfermagem Pediátrica', 80),
('Enfermagem Obstétrica', 80),
('UTI e Terapia Intensiva', 100),
('Semiologia', 80),
('Saúde da Mulher', 60),
('Saúde do Idoso', 60),
('Imunologia', 60),
('Epidemiologia', 60),
('Enfermagem Cirúrgica', 80),
('Oncologia', 60),
('Saúde Mental em Enfermagem', 60),
('Assistência Pré-Hospitalar', 80),
('Humanização Hospitalar', 40),
('Diagnóstico por Imagem', 60),
('Administração em Enfermagem', 60),
('Terapia Medicamentosa', 60),
('Hematologia', 60),
('Cuidados Paliativos', 40),
('Saúde Pública', 60),
('Biossegurança', 40),
('Interiores Residenciais', 60),
('Arquitetura Comercial', 60),
('Design de Interiores', 80),
('Restauro Arquitetônico', 60),
('Projeto Paisagístico', 60),
('Conforto Térmico', 60),
('Iluminação Arquitetônica', 60),
('Patrimônio Histórico', 60),
('CAD para Arquitetura', 80),
('Modelagem 3D', 80),
('Renderização Digital', 60),
('Design Urbano', 60),
('Arquitetura Moderna', 60),
('Arquitetura Contemporânea', 60),
('Acústica Arquitetônica', 60),
('Projetos Estruturais', 80),
('Habitação Social', 60),
('Gestão de Obras Arquitetônicas', 60),
('Paisagismo Urbano', 60),
('Projeto Executivo', 100),
('Anestesiologia Veterinária', 80),
('Clínica de Pequenos Animais', 100),
('Clínica de Grandes Animais', 100),
('Diagnóstico Veterinário', 80),
('Doenças Infecciosas', 80),
('Inspeção de Produtos de Origem Animal', 60),
('Bem-Estar Animal', 60),
('Toxicologia Veterinária', 60),
('Medicina Preventiva Veterinária', 60),
('Animais Silvestres', 60),
('Equideocultura', 60),
('Bovinocultura', 60),
('Avicultura', 60),
('Suinocultura', 60),
('Técnica Cirúrgica Veterinária', 80),
('Radiologia Veterinária', 60),
('Laboratório Clínico Veterinário', 60),
('Patologia Clínica Veterinária', 80),
('Zoonoses', 60),
('Reprodução de Pequenos Animais', 60),
('Musculação', 60),
('Treinamento Funcional', 60),
('Futebol e Futsal', 60),
('Voleibol', 60),
('Basquetebol', 60),
('Natação', 60),
('Atletismo', 60),
('Ginástica', 60),
('Biomecânica Aplicada', 80),
('Fisiologia Aplicada ao Esporte', 80),
('Avaliação Nutricional', 60),
('Preparação Física', 80),
('Personal Trainer', 60),
('Treinamento de Alto Rendimento', 80),
('Atividade Física Adaptada', 60),
('Lutas e Artes Marciais', 60),
('Dança e Expressão Corporal', 60),
('Educação Física Inclusiva', 60),
('Treinamento Cardiorrespiratório', 60),
('Reabilitação Física', 60);
INSERT INTO curriculos(id_curso, anoInicio, versao) VALUES
(1, 2021, 1),
(1, 2023, 2),
(1, 2025, 3),

(2, 2020, 1),
(2, 2022, 2),
(2, 2024, 3),

(3, 2021, 1),
(3, 2023, 2),
(3, 2025, 3),

(4, 2020, 1),
(4, 2022, 2),
(4, 2024, 3),

(5, 2021, 1),
(5, 2023, 2),
(5, 2025, 3),

(6, 2020, 1),
(6, 2022, 2),
(6, 2024, 3),

(7, 2021, 1),
(7, 2023, 2),
(7, 2025, 3),

(8, 2020, 1),
(8, 2022, 2),
(8, 2024, 3),

(9, 2021, 1),
(9, 2023, 2),
(9, 2025, 3),

(10, 2020, 1),
(10, 2022, 2),
(10, 2024, 3),

(1, 2026, 4),
(2, 2026, 4),
(3, 2026, 4),
(4, 2026, 4),
(5, 2026, 4),

(6, 2025, 4),
(7, 2024, 4),
(8, 2025, 4),
(9, 2024, 4),
(10, 2025, 4);

INSERT INTO alunos(nome, cpf, email, dataNascimento, id_curso) VALUES 
('Amanda Oliveira Silva', '54514291824', 'amanda.silva@email.com', '2008-10-08', 8),
('Lucas Henrique Silva', '568.978.495-52', 'lucas.silva@email.com', '2008-03-17', 3),
('Pedro Souza Lima', '32970174227', 'pedro.lima@email.com', '2007-11-22', 7),
('Julia Pereira Costa', '154.227.436-65', 'julia.costa@email.com', '2007-04-26', 5),
('Carlos Rodrigues Alves', '95104532139', 'carlos.alves@email.com', '2005-12-13', 2),
('Lucas Costa Ferreira', '616.485.704-18', 'lucas.ferreira@email.com', '2004-11-10', 9),
('Ana Beatriz Oliveira', '71398692504', 'ana.oliveira@email.com', '2001-03-03', 1),
('Fernanda Souza Santos', '381.600.790-19', 'fernanda.santos@email.com', '2003-07-23', 4),
('Julia Alves Rodrigues', '17178987035', 'julia.rodrigues@email.com', '2005-08-11', 10),
('Carlos Eduardo Lima', '884.839.505-47', 'carlos.lima@email.com', '2001-11-09', 6),
('Ricardo Lima Costa', '43184405889', 'ricardo.costa@email.com', '2002-10-19', 3),
('Carlos Ferreira Souza', '282.370.619-76', 'carlos.souza@email.com', '2004-01-01', 5),
('Ricardo Oliveira Santos', '41523416202', 'ricardo.santos@email.com', '2005-06-04', 2),
('Amanda Ferreira Lima', '936.131.184-16', 'amanda.lima@email.com', '2005-05-23', 7),
('Ricardo Pereira Silva', '98571679825', 'ricardo.silva@email.com', '2004-06-18', 8),
('Amanda Alves Costa', '603.412.611-58', 'amanda.costa@email.com', '2005-06-28', 1),
('Ricardo Costa Lima', '60161480271', 'ricardo.lima@email.com', '2002-10-19', 9),
('Lucas Ferreira Souza', '790.843.795-11', 'lucas.souza@email.com', '2001-11-06', 4),
('Carlos Costa Rodrigues', '89451463601', 'carlos.rodrigues@email.com', '2002-08-23', 10),
('Carlos Santos Pereira', '797.402.720-91', 'carlos.pereira@email.com', '2006-05-28', 6),
('Maria Rodrigues Lima', '93701702528', 'maria.lima@email.com', '2004-12-01', 3),
('Carlos Pereira Costa', '735.900.031-25', 'carlos.costa@email.com', '2003-06-29', 2),
('Ricardo Costa Ferreira', '37240255612', 'ricardo.ferreira@email.com', '2003-10-08', 5),
('Carlos Oliveira Santos', '488.245.435-91', 'carlos.santos@email.com', '2004-06-08', 1),
('Ricardo Costa Souza', '13878391786', 'ricardo.souza@email.com', '2004-12-24', 7),
('Pedro Pereira Lima', '333.427.146-73', 'pedro.lima2@email.com', '2002-05-04', 8),
('Pedro Santos Oliveira', '69411751360', 'pedro.oliveira@email.com', '2003-03-17', 9),
('Lucas Alves Ferreira', '657.047.832-70', 'lucas.ferreira2@email.com', '2003-04-28', 4),
('Ricardo Lima Souza', '91138404665', 'ricardo.souza2@email.com', '2003-06-11', 10),
('Pedro Costa Santos', '399.085.481-46', 'pedro.santos@email.com', '2002-10-06', 6),
('Carlos Lima Oliveira', '54757549753', 'carlos.oliveira@email.com', '2007-11-16', 2),
('João Alves Costa', '321.970.821-17', 'joao.costa@email.com', '2007-07-04', 1),
('Carlos Silva Pereira', '29408383107', 'carlos.pereira2@email.com', '2002-03-21', 5),
('Julia Silva Rodrigues', '400.590.114-05', 'julia.rodrigues2@email.com', '2004-04-08', 8),
('Carlos Lima Ferreira', '41171122042', 'carlos.ferreira@email.com', '2003-05-08', 9),
('João Souza Lima', '433.451.997-37', 'joao.lima@email.com', '2001-01-05', 4),
('Carlos Costa Oliveira', '29093347219', 'carlos.oliveira2@email.com', '2008-04-02', 3),
('Maria Silva Santos', '902.183.845-51', 'maria.santos@email.com', '2009-03-26', 10),
('Ricardo Santos Costa', '63537322336', 'ricardo.costa2@email.com', '2004-04-25', 7),
('Carlos Alves Lima', '650.445.553-77', 'carlos.lima2@email.com', '2003-10-26', 6),
('Pedro Silva Souza', '32301221630', 'pedro.souza@email.com', '2002-06-12', 2),
('Amanda Silva Rodrigues', '711.614.301-24', 'amanda.rodrigues@email.com', '2004-08-21', 1),
('Ricardo Costa Pereira', '29614207457', 'ricardo.pereira@email.com', '2008-10-03', 5),
('Pedro Costa Lima', '233.041.784-51', 'pedro.lima3@email.com', '2004-06-22', 3),
('Amanda Silva Costa', '98606424000', 'amanda.costa2@email.com', '2004-09-01', 8),
('Julia Ferreira Santos', '498.946.302-96', 'julia.santos@email.com', '2002-12-25', 9),
('Julia Oliveira Lima', '90655217249', 'julia.lima@email.com', '2003-02-02', 4),
('Carlos Souza Pereira', '677.268.372-02', 'carlos.pereira3@email.com', '2002-02-04', 10),
('João Pereira Costa', '22985519176', 'joao.costa2@email.com', '2008-10-18', 6),
('Ana Pereira Lima', '724.806.720-71', 'ana.lima@email.com', '2007-07-25', 7);
select * from alunos;
INSERT INTO disciplinas_curriculo(id_disciplina, id_curriculo, periodoIdeal) VALUES
(1, 1, 1),
(9, 1, 1),
(11, 1, 1),
(2, 1, 2),
(3, 1, 2),
(10, 1, 2),
(4, 1, 3),
(5, 1, 3),
(106, 1, 3),
(8, 1, 4),
(91, 1, 4),
(129, 1, 5),
(11, 2, 1),
(12, 2, 1),
(20, 2, 1),
(13, 2, 2),
(14, 2, 2),
(15, 2, 3),
(16, 2, 3),
(17, 2, 4),
(18, 2, 4),
(19, 2, 5),
(70, 2, 5),
(129, 2, 6),
(21, 3, 1),
(22, 3, 1),
(28, 3, 1),
(24, 3, 2),
(23, 3, 2),
(25, 3, 3),
(26, 3, 3),
(29, 3, 4),
(30, 3, 4),
(104, 3, 5),
(100, 3, 5),
(129, 3, 6),
(31, 4, 1),
(35, 4, 1),
(37, 4, 2),
(32, 4, 2),
(33, 4, 3),
(34, 4, 3),
(36, 4, 4),
(38, 4, 4),
(39, 4, 5),
(40, 4, 5),
(107, 4, 6),
(129, 4, 6),
(41, 5, 1),
(42, 5, 1),
(43, 5, 2),
(44, 5, 2),
(45, 5, 3),
(46, 5, 3),
(47, 5, 4),
(48, 5, 4),
(49, 5, 5),
(50, 5, 5),
(123, 5, 6),
(129, 5, 6),
(51, 6, 1),
(52, 6, 1),
(53, 6, 2),
(54, 6, 2),
(55, 6, 3),
(56, 6, 3),
(57, 6, 4),
(58, 6, 4),
(59, 6, 5),
(60, 6, 5),
(114, 6, 6),
(129, 6, 6),
(61, 7, 1),
(68, 7, 1),
(62, 7, 2),
(63, 7, 2),
(64, 7, 3),
(65, 7, 3),
(66, 7, 4),
(67, 7, 4),
(69, 7, 5),
(70, 7, 5),
(108, 7, 6),
(129, 7, 6),
(71, 8, 1),
(72, 8, 1),
(75, 8, 2),
(76, 8, 2),
(73, 8, 3),
(74, 8, 3),
(77, 8, 4),
(78, 8, 4),
(79, 8, 5),
(80, 8, 5),
(99, 8, 6),
(129, 8, 6),
(81, 9, 1),
(82, 9, 1),
(83, 9, 2),
(84, 9, 2),
(85, 9, 3),
(86, 9, 3),
(87, 9, 4),
(88, 9, 4),
(89, 9, 5),
(90, 9, 5),
(123, 9, 6),
(129, 9, 6),
(1, 10, 1),
(9, 10, 1),
(11, 10, 1),
(2, 10, 2),
(3, 10, 2),
(92, 10, 3),
(93, 10, 3),
(94, 10, 4),
(95, 10, 4),
(96, 10, 5),
(97, 10, 5),
(98, 10, 6),
(124, 10, 6),
(125, 10, 7),
(126, 10, 7),
(127, 10, 8),
(128, 10, 8),
(129, 10, 9);

-- PRÉ-REQUISITOS REFORMULADOS COM BASE NAS DISCIPLINAS RELACIONADAS

INSERT INTO pre_requisitos VALUES
(2, 1),(9, 1),(4, 2),(5, 2),(10, 6),
(7, 6),(8, 9),(91, 8),(99, 91),(92, 3),(93, 3),
(94, 4),(95, 2),(96, 5),(97, 2),(98, 6),
(100, 7),(111, 2),(112, 3),(113, 6),(114, 7),
(116, 7),(123, 111),(124, 111),(125, 1),(126, 4),
(127, 1),(128, 4),(129, 128),(130, 128),(131, 10),
(132, 93),(133, 91),(134, 133),(135, 1),(136, 135),
(137, 1),(138, 94),(139, 93),(140, 94),(141, 4),
(142, 4),(147, 39),(14, 13),(16, 15),(17, 14),
(18, 13),(19, 14),(143, 17),(144, 18),(145, 15),
(146, 17),(148, 19),(149, 16),(150, 17),(151, 18),
(152, 17),(153, 152),(154, 145),(155, 19),(156, 19),
(157, 149),(158, 17),(159, 152),(160, 17),(161, 144),
(162, 17),(163, 19),(22, 21),(23, 21),(24, 21),
(25, 24),(26, 24),(29, 23),(30, 24),(164, 24),
(165, 22),(166, 22),(167, 22),(168, 24),(169, 24),
(170, 22),(171, 24),(172, 23),(173, 29),(174, 171),
(175, 21),(176, 164),(177, 164),(178, 24),(179, 24),
(180, 24),(181, 115),(182, 29),(183, 26),(32, 31),
(33, 31),(34, 31),(35, 31),(36, 34),(38, 31),
(39, 36),(40, 38),(184, 31),(185, 35),(186, 32),
(187, 36),(188, 31),(189, 188),(190, 34),(191, 33),
(192, 31),(193, 33),(194, 32),(195, 33),(196, 188),
(197, 36),(198, 36),(199, 35),(200, 36),(201, 32),
(202, 34),(203, 39);


INSERT INTO semestres(codigo_semestre, aberto_matricula) VALUES (20212, 'N');
INSERT INTO semestres(codigo_semestre, aberto_matricula) VALUES (20221, 'S');
INSERT INTO semestres(codigo_semestre, aberto_matricula) VALUES (20232, 'N');
INSERT INTO semestres(codigo_semestre, aberto_matricula) VALUES (20241, 'N');
INSERT INTO semestres(codigo_semestre, aberto_matricula) VALUES (20252, 'S');
INSERT INTO semestres(codigo_semestre, aberto_matricula) VALUES (20261, 'N');
INSERT INTO semestres(codigo_semestre, aberto_matricula) VALUES (20202, 'N');
INSERT INTO semestres(codigo_semestre, aberto_matricula) VALUES (20211, 'S');
INSERT INTO semestres(codigo_semestre, aberto_matricula) VALUES (20222, 'N');
INSERT INTO semestres(codigo_semestre, aberto_matricula) VALUES (20231, 'S');
INSERT INTO semestres(codigo_semestre, aberto_matricula) VALUES (20242, 'N');
INSERT INTO semestres(codigo_semestre, aberto_matricula) VALUES (20251, 'S');
INSERT INTO semestres(codigo_semestre, aberto_matricula) VALUES (20262, 'N');
INSERT INTO semestres(codigo_semestre, aberto_matricula) VALUES (20201, 'S');
INSERT INTO semestres(codigo_semestre, aberto_matricula) VALUES (20212, 'S');
INSERT INTO semestres(codigo_semestre, aberto_matricula) VALUES (20221, 'S');
INSERT INTO semestres(codigo_semestre, aberto_matricula) VALUES (20232, 'S');
INSERT INTO semestres(codigo_semestre, aberto_matricula) VALUES (20241, 'N');
INSERT INTO semestres(codigo_semestre, aberto_matricula) VALUES (20252, 'N');
INSERT INTO semestres(codigo_semestre, aberto_matricula) VALUES (20261, 'N');
INSERT INTO semestres(codigo_semestre, aberto_matricula) VALUES (20202, 'S');
INSERT INTO semestres(codigo_semestre, aberto_matricula) VALUES (20211, 'N');
INSERT INTO semestres(codigo_semestre, aberto_matricula) VALUES (20222, 'S');
INSERT INTO semestres(codigo_semestre, aberto_matricula) VALUES (20231, 'N');
INSERT INTO semestres(codigo_semestre, aberto_matricula) VALUES (20242, 'N');
INSERT INTO semestres(codigo_semestre, aberto_matricula) VALUES (20251, 'N');
INSERT INTO semestres(codigo_semestre, aberto_matricula) VALUES (20262, 'N');
INSERT INTO semestres(codigo_semestre, aberto_matricula) VALUES (20201, 'S');
INSERT INTO semestres(codigo_semestre, aberto_matricula) VALUES (20212, 'N');
INSERT INTO semestres(codigo_semestre, aberto_matricula) VALUES (20221, 'N');
INSERT INTO semestres(codigo_semestre, aberto_matricula) VALUES (20232, 'N');
INSERT INTO semestres(codigo_semestre, aberto_matricula) VALUES (20241, 'S');
INSERT INTO semestres(codigo_semestre, aberto_matricula) VALUES (20252, 'S');
INSERT INTO semestres(codigo_semestre, aberto_matricula) VALUES (20261, 'N');
INSERT INTO semestres(codigo_semestre, aberto_matricula) VALUES (20202, 'S');
INSERT INTO semestres(codigo_semestre, aberto_matricula) VALUES (20211, 'N');
INSERT INTO semestres(codigo_semestre, aberto_matricula) VALUES (20222, 'S');
INSERT INTO semestres(codigo_semestre, aberto_matricula) VALUES (20231, 'S');
INSERT INTO semestres(codigo_semestre, aberto_matricula) VALUES (20242, 'N');
INSERT INTO semestres(codigo_semestre, aberto_matricula) VALUES (20251, 'N');
INSERT INTO semestres(codigo_semestre, aberto_matricula) VALUES (20262, 'S');
INSERT INTO semestres(codigo_semestre, aberto_matricula) VALUES (20201, 'S');
INSERT INTO semestres(codigo_semestre, aberto_matricula) VALUES (20212, 'S');
INSERT INTO semestres(codigo_semestre, aberto_matricula) VALUES (20221, 'N');
INSERT INTO semestres(codigo_semestre, aberto_matricula) VALUES (20232, 'S');
INSERT INTO semestres(codigo_semestre, aberto_matricula) VALUES (20241, 'S');
INSERT INTO semestres(codigo_semestre, aberto_matricula) VALUES (20252, 'N');
INSERT INTO semestres(codigo_semestre, aberto_matricula) VALUES (20261, 'S');
INSERT INTO semestres(codigo_semestre, aberto_matricula) VALUES (20202, 'S');
INSERT INTO semestres(codigo_semestre, aberto_matricula) VALUES (20211, 'S');
INSERT INTO semestres(codigo_semestre, aberto_matricula) VALUES (20222, 'N');
INSERT INTO semestres(codigo_semestre, aberto_matricula) VALUES (20231, 'N');
INSERT INTO semestres(codigo_semestre, aberto_matricula) VALUES (20242, 'S');
INSERT INTO semestres(codigo_semestre, aberto_matricula) VALUES (20251, 'S');
INSERT INTO semestres(codigo_semestre, aberto_matricula) VALUES (20262, 'N');
INSERT INTO semestres(codigo_semestre, aberto_matricula) VALUES (20201, 'S');
INSERT INTO semestres(codigo_semestre, aberto_matricula) VALUES (20212, 'N');
INSERT INTO semestres(codigo_semestre, aberto_matricula) VALUES (20221, 'S');
INSERT INTO semestres(codigo_semestre, aberto_matricula) VALUES (20232, 'N');
INSERT INTO semestres(codigo_semestre, aberto_matricula) VALUES (20241, 'S');
INSERT INTO semestres(codigo_semestre, aberto_matricula) VALUES (20252, 'N');
INSERT INTO semestres(codigo_semestre, aberto_matricula) VALUES (20261, 'N');
INSERT INTO semestres(codigo_semestre, aberto_matricula) VALUES (20202, 'N');
INSERT INTO semestres(codigo_semestre, aberto_matricula) VALUES (20211, 'N');
INSERT INTO semestres(codigo_semestre, aberto_matricula) VALUES (20222, 'S');
INSERT INTO semestres(codigo_semestre, aberto_matricula) VALUES (20231, 'N');
INSERT INTO semestres(codigo_semestre, aberto_matricula) VALUES (20242, 'S');
INSERT INTO semestres(codigo_semestre, aberto_matricula) VALUES (20251, 'S');
INSERT INTO semestres(codigo_semestre, aberto_matricula) VALUES (20262, 'N');
INSERT INTO semestres(codigo_semestre, aberto_matricula) VALUES (20201, 'S');
INSERT INTO semestres(codigo_semestre, aberto_matricula) VALUES (20212, 'S');
INSERT INTO semestres(codigo_semestre, aberto_matricula) VALUES (20221, 'S');
INSERT INTO semestres(codigo_semestre, aberto_matricula) VALUES (20232, 'N');
INSERT INTO semestres(codigo_semestre, aberto_matricula) VALUES (20241, 'S');
INSERT INTO semestres(codigo_semestre, aberto_matricula) VALUES (20252, 'S');
INSERT INTO semestres(codigo_semestre, aberto_matricula) VALUES (20261, 'N');
INSERT INTO semestres(codigo_semestre, aberto_matricula) VALUES (20202, 'N');
INSERT INTO semestres(codigo_semestre, aberto_matricula) VALUES (20211, 'S');
INSERT INTO semestres(codigo_semestre, aberto_matricula) VALUES (20222, 'N');
INSERT INTO semestres(codigo_semestre, aberto_matricula) VALUES (20231, 'N');
INSERT INTO semestres(codigo_semestre, aberto_matricula) VALUES (20242, 'N');
INSERT INTO semestres(codigo_semestre, aberto_matricula) VALUES (20251, 'S');
INSERT INTO semestres(codigo_semestre, aberto_matricula) VALUES (20262, 'S');
INSERT INTO semestres(codigo_semestre, aberto_matricula) VALUES (20201, 'S');
INSERT INTO semestres(codigo_semestre, aberto_matricula) VALUES (20212, 'S');
INSERT INTO semestres(codigo_semestre, aberto_matricula) VALUES (20221, 'N');
INSERT INTO semestres(codigo_semestre, aberto_matricula) VALUES (20232, 'S');
INSERT INTO semestres(codigo_semestre, aberto_matricula) VALUES (20241, 'S');
INSERT INTO semestres(codigo_semestre, aberto_matricula) VALUES (20252, 'N');
INSERT INTO semestres(codigo_semestre, aberto_matricula) VALUES (20261, 'N');
INSERT INTO semestres(codigo_semestre, aberto_matricula) VALUES (20202, 'S');
INSERT INTO semestres(codigo_semestre, aberto_matricula) VALUES (20211, 'S');
INSERT INTO semestres(codigo_semestre, aberto_matricula) VALUES (20222, 'N');
INSERT INTO semestres(codigo_semestre, aberto_matricula) VALUES (20231, 'S');
INSERT INTO semestres(codigo_semestre, aberto_matricula) VALUES (20242, 'N');
INSERT INTO semestres(codigo_semestre, aberto_matricula) VALUES (20251, 'N');
INSERT INTO semestres(codigo_semestre, aberto_matricula) VALUES (20262, 'N');
INSERT INTO semestres(codigo_semestre, aberto_matricula) VALUES (20201, 'N');
INSERT INTO semestres(codigo_semestre, aberto_matricula) VALUES (20212, 'N');
INSERT INTO semestres(codigo_semestre, aberto_matricula) VALUES (20221, 'N');
INSERT INTO semestres(codigo_semestre, aberto_matricula) VALUES (20232, 'S');
INSERT INTO semestres(codigo_semestre, aberto_matricula) VALUES (20241, 'S');
INSERT INTO semestres(codigo_semestre, aberto_matricula) VALUES (20252, 'S');
INSERT INTO semestres(codigo_semestre, aberto_matricula) VALUES (20261, 'N');
INSERT INTO semestres(codigo_semestre, aberto_matricula) VALUES (20202, 'N');
INSERT INTO semestres(codigo_semestre, aberto_matricula) VALUES (20211, 'N');
INSERT INTO semestres(codigo_semestre, aberto_matricula) VALUES (20222, 'N');
INSERT INTO semestres(codigo_semestre, aberto_matricula) VALUES (20231, 'N');
INSERT INTO semestres(codigo_semestre, aberto_matricula) VALUES (20242, 'N');
INSERT INTO semestres(codigo_semestre, aberto_matricula) VALUES (20251, 'S');
INSERT INTO semestres(codigo_semestre, aberto_matricula) VALUES (20262, 'N');
INSERT INTO semestres(codigo_semestre, aberto_matricula) VALUES (20201, 'N');
INSERT INTO semestres(codigo_semestre, aberto_matricula) VALUES (20212, 'N');
INSERT INTO semestres(codigo_semestre, aberto_matricula) VALUES (20221, 'S');
INSERT INTO semestres(codigo_semestre, aberto_matricula) VALUES (20232, 'N');
INSERT INTO semestres(codigo_semestre, aberto_matricula) VALUES (20241, 'S');
INSERT INTO semestres(codigo_semestre, aberto_matricula) VALUES (20252, 'N');
INSERT INTO semestres(codigo_semestre, aberto_matricula) VALUES (20261, 'S');
INSERT INTO semestres(codigo_semestre, aberto_matricula) VALUES (20202, 'S');
INSERT INTO semestres(codigo_semestre, aberto_matricula) VALUES (20211, 'S');
INSERT INTO turmas(id_disciplina, id_professor, id_semestre, max_vagas, vagas_ocupadas) VALUES
(1, 12, 1, 40, 32),
(2, 15, 1, 45, 38),
(3, 18, 1, 35, 30),
(4, 20, 2, 50, 42),
(5, 22, 2, 40, 25),
(6, 25, 2, 45, 40),
(7, 28, 3, 35, 20),
(8, 30, 3, 40, 34),
(9, 33, 3, 50, 48),
(10, 35, 4, 45, 41),
(11, 38, 4, 40, 29),
(12, 40, 4, 35, 27),
(13, 42, 5, 50, 44),
(14, 45, 5, 40, 33),
(15, 47, 5, 30, 18),
(16, 50, 6, 45, 39),
(17, 52, 6, 50, 46),
(18, 55, 6, 35, 24),
(19, 58, 7, 40, 31),
(20, 60, 7, 45, 37),
(21, 63, 7, 50, 43),
(22, 65, 8, 40, 35),
(23, 68, 8, 35, 19),
(24, 70, 8, 45, 28),
(25, 72, 9, 40, 22),
(26, 75, 9, 50, 49),
(27, 78, 9, 35, 14),
(28, 80, 10, 45, 30),
(29, 82, 10, 40, 36),
(30, 85, 10, 50, 45),
(31, 88, 11, 35, 17),
(32, 90, 11, 45, 39),
(33, 92, 11, 40, 26),
(34, 95, 12, 50, 47),
(35, 98, 12, 35, 21),
(36, 100, 12, 45, 33),
(37, 102, 13, 40, 29),
(38, 105, 13, 50, 41),
(39, 108, 13, 35, 18),
(40, 110, 14, 45, 37),
(41, 112, 14, 40, 34),
(42, 115, 14, 50, 48),
(43, 117, 15, 35, 15),
(44, 119, 15, 45, 27),
(45, 10, 15, 40, 32),
(46, 14, 16, 50, 44),
(47, 16, 16, 35, 20),
(48, 19, 16, 45, 38),
(49, 21, 17, 40, 35),
(50, 24, 17, 50, 46),
(51, 26, 17, 35, 12),
(52, 29, 18, 45, 31),
(53, 31, 18, 40, 25),
(54, 34, 18, 50, 42),
(55, 36, 19, 35, 16),
(56, 39, 19, 45, 37),
(57, 41, 19, 40, 30),
(58, 44, 20, 50, 49),
(59, 46, 20, 35, 23),
(60, 49, 20, 45, 34),

(61, 51, 21, 40, 28),
(62, 54, 21, 50, 40),
(63, 56, 21, 35, 19),
(64, 59, 22, 45, 36),
(65, 61, 22, 40, 31),
(66, 64, 22, 50, 45),
(67, 66, 23, 35, 14),
(68, 69, 23, 45, 29),
(69, 71, 23, 40, 33),
(70, 74, 24, 50, 47),
(71, 76, 24, 35, 20),
(72, 79, 24, 45, 38),
(73, 81, 25, 40, 27),
(74, 84, 25, 50, 43),
(75, 86, 25, 35, 18),
(76, 89, 26, 45, 35),
(77, 91, 26, 40, 26),
(78, 94, 26, 50, 48),
(79, 96, 27, 35, 11),
(80, 99, 27, 45, 30),
(81, 101, 27, 40, 22),
(82, 104, 28, 50, 41),
(83, 106, 28, 35, 17),
(84, 109, 28, 45, 36),
(85, 111, 29, 40, 29),
(86, 114, 29, 50, 44),
(87, 116, 29, 35, 13),
(88, 118, 30, 45, 32),
(89, 120, 30, 40, 35),
(90, 11, 30, 50, 46);


INSERT INTO historicoAluno 
(id_aluno, id_disciplina, notaFinal, status, dataConclusao) 
VALUES
(7, 29, 9.73, 'Aprovado', '2023-01-06'),
(17, 59, 3.65, 'Reprovado', '2024-09-21'),
(24, 61, 8.63, 'Cursando', NULL),
(27, 81, 8.04, 'Aprovado', '2025-04-29'),
(13, 2, 9.31, 'Aprovado', '2023-02-04'),
(9, 47, 4.99, 'Reprovado', '2024-06-04'),
(37, 41, 3.12, 'Cursando', NULL),
(27, 33, 6.38, 'Aprovado', '2025-06-13'),
(9, 48, 5.77, 'Reprovado', '2025-03-10'),
(11, 19, 1.63, 'Reprovado', '2023-10-24'),

(4, 37, 8.24, 'Aprovado', '2024-05-28'),
(5, 41, 4.21, 'Reprovado', '2023-06-18'),
(21, 48, 2.46, 'Reprovado', '2023-03-08'),
(29, 43, 7.87, 'Aprovado', '2024-12-06'),
(41, 6, 2.80, 'Reprovado', '2023-04-09'),
(36, 5, 9.72, 'Aprovado', '2023-06-16'),
(16, 47, 3.40, 'Reprovado', '2025-08-06'),
(18, 12, 8.01, 'Aprovado', '2025-06-20'),
(47, 46, 8.79, 'Aprovado', '2023-11-18'),
(49, 10, 0.12, 'Reprovado', '2025-03-09'),

(46, 19, 1.71, 'Reprovado', '2025-01-24'),
(47, 30, 7.78, 'Cursando', NULL),
(49, 47, 8.42, 'Cursando', NULL),
(7, 24, 5.45, 'Reprovado', '2025-02-20'),
(15, 16, 5.23, 'Reprovado', '2024-12-16'),
(22, 41, 1.34, 'Cursando', NULL),
(3, 9, 5.04, 'Cursando', NULL),
(1, 28, 7.20, 'Cursando', NULL),
(43, 6, 2.21, 'Reprovado', '2024-04-24'),
(11, 16, 8.88, 'Aprovado', '2023-02-19'),

(17, 39, 0.07, 'Reprovado', '2024-03-04'),
(29, 31, 3.06, 'Reprovado', '2025-05-29'),
(4, 3, 7.47, 'Aprovado', '2025-05-09'),
(29, 20, 9.87, 'Aprovado', '2023-01-01'),
(41, 3, 8.99, 'Aprovado', '2023-11-14'),
(26, 13, 0.82, 'Cursando', NULL),
(7, 46, 4.42, 'Reprovado', '2024-08-03'),
(3, 26, 2.84, 'Reprovado', '2025-03-02'),
(36, 41, 4.19, 'Reprovado', '2024-09-03'),
(2, 19, 4.66, 'Reprovado', '2025-06-10'),

(33, 47, 0.95, 'Cursando', NULL),
(49, 46, 2.42, 'Reprovado', '2023-01-12'),
(33, 6, 3.70, 'Cursando', NULL),
(10, 22, 8.88, 'Aprovado', '2025-03-28'),
(39, 47, 0.78, 'Reprovado', '2023-05-05'),
(24, 38, 1.13, 'Reprovado', '2023-03-13'),
(27, 50, 3.77, 'Reprovado', '2024-07-26'),
(48, 49, 5.53, 'Reprovado', '2025-02-22'),
(11, 48, 2.73, 'Reprovado', '2023-10-28'),
(34, 47, 2.43, 'Reprovado', '2023-02-26');

INSERT INTO matriculas
(id_aluno, id_turma, status, nota_final)
VALUES
(1, 12, 'Aprovado', 8.50),
(2, 15, 'Aprovado', 7.80),
(3, 18, 'Reprovado', 4.20),
(4, 20, 'Cursando', NULL),
(5, 22, 'Aprovado', 9.10),
(6, 25, 'Aprovado', 6.70),
(7, 28, 'Reprovado', 3.90),
(8, 30, 'Cursando', NULL),
(9, 33, 'Aprovado', 8.00),
(10, 35, 'Aprovado', 7.20),
(11, 38, 'Reprovado', 2.80),
(12, 40, 'Aprovado', 6.50),
(13, 42, 'Cursando', NULL),
(14, 45, 'Aprovado', 9.40),
(15, 47, 'Reprovado', 4.70),
(16, 50, 'Aprovado', 7.90),
(17, 52, 'Aprovado', 8.30),
(18, 55, 'Cursando', NULL),
(19, 58, 'Reprovado', 1.90),
(20, 60, 'Aprovado', 6.80),
(21, 63, 'Aprovado', 7.40),
(22, 65, 'Cursando', NULL),
(23, 68, 'Reprovado', 3.50),
(24, 70, 'Aprovado', 8.90),
(25, 72, 'Aprovado', 9.00),
(26, 75, 'Reprovado', 4.10),
(27, 78, 'Cursando', NULL),
(28, 80, 'Aprovado', 7.10),
(29, 82, 'Aprovado', 8.60),
(30, 85, 'Reprovado', 2.30),
(31, 88, 'Aprovado', 6.90),
(32, 90, 'Cursando', NULL),
(33, 92, 'Aprovado', 7.70),
(34, 95, 'Reprovado', 3.00),
(35, 98, 'Aprovado', 8.40),
(36, 99, 'Aprovado', 9.50),
(37, 2, 'Cursando', NULL),
(38, 5, 'Reprovado', 4.40),
(39, 7, 'Aprovado', 7.00),
(40, 10, 'Aprovado', 8.10),
(41, 12, 'Reprovado', 1.70),
(42, 15, 'Cursando', NULL),
(43, 17, 'Aprovado', 6.60),
(44, 19, 'Aprovado', 7.30),
(45, 10, 'Reprovado', 4.80),
(46, 14, 'Aprovado', 8.70),
(47, 16, 'Cursando', NULL),
(48, 19, 'Aprovado', 9.20),
(49, 21, 'Reprovado', 2.50),
(50, 24, 'Aprovado', 7.60);

INSERT INTO usuarios(nome, email, tipoUsuario, senhaHash) VALUES ('Ana Souza 1', 'user1@email.com', 'PROFESSOR', 'hash1');
INSERT INTO usuarios(nome, email, tipoUsuario, senhaHash) VALUES ('Ana Silva 2', 'user2@email.com', 'ALUNO', 'hash2');
INSERT INTO usuarios(nome, email, tipoUsuario, senhaHash) VALUES ('Julia Souza 3', 'user3@email.com', 'ALUNO', 'hash3');
INSERT INTO usuarios(nome, email, tipoUsuario, senhaHash) VALUES ('Ana Costa 4', 'user4@email.com', 'PROFESSOR', 'hash4');
INSERT INTO usuarios(nome, email, tipoUsuario, senhaHash) VALUES ('Ana Rodrigues 5', 'user5@email.com', 'PROFESSOR', 'hash5');
INSERT INTO usuarios(nome, email, tipoUsuario, senhaHash) VALUES ('Fernanda Ferreira 6', 'user6@email.com', 'SECRETARIA', 'hash6');
INSERT INTO usuarios(nome, email, tipoUsuario, senhaHash) VALUES ('Amanda Souza 7', 'user7@email.com', 'ALUNO', 'hash7');
INSERT INTO usuarios(nome, email, tipoUsuario, senhaHash) VALUES ('João Rodrigues 8', 'user8@email.com', 'ALUNO', 'hash8');
INSERT INTO usuarios(nome, email, tipoUsuario, senhaHash) VALUES ('Carlos Souza 9', 'user9@email.com', 'PROFESSOR', 'hash9');
INSERT INTO usuarios(nome, email, tipoUsuario, senhaHash) VALUES ('Lucas Pereira 10', 'user10@email.com', 'PROFESSOR', 'hash10');
INSERT INTO usuarios(nome, email, tipoUsuario, senhaHash) VALUES ('Maria Rodrigues 11', 'user11@email.com', 'SECRETARIA', 'hash11');
INSERT INTO usuarios(nome, email, tipoUsuario, senhaHash) VALUES ('Pedro Lima 12', 'user12@email.com', 'ALUNO', 'hash12');
INSERT INTO usuarios(nome, email, tipoUsuario, senhaHash) VALUES ('Carlos Alves 13', 'user13@email.com', 'PROFESSOR', 'hash13');
INSERT INTO usuarios(nome, email, tipoUsuario, senhaHash) VALUES ('Ana Pereira 14', 'user14@email.com', 'ADMIN', 'hash14');
INSERT INTO usuarios(nome, email, tipoUsuario, senhaHash) VALUES ('Ana Souza 15', 'user15@email.com', 'ALUNO', 'hash15');
INSERT INTO usuarios(nome, email, tipoUsuario, senhaHash) VALUES ('Ana Oliveira 16', 'user16@email.com', 'SECRETARIA', 'hash16');
INSERT INTO usuarios(nome, email, tipoUsuario, senhaHash) VALUES ('Fernanda Lima 17', 'user17@email.com', 'ADMIN', 'hash17');
INSERT INTO usuarios(nome, email, tipoUsuario, senhaHash) VALUES ('Lucas Lima 18', 'user18@email.com', 'PROFESSOR', 'hash18');
INSERT INTO usuarios(nome, email, tipoUsuario, senhaHash) VALUES ('Amanda Oliveira 19', 'user19@email.com', 'ADMIN', 'hash19');
INSERT INTO usuarios(nome, email, tipoUsuario, senhaHash) VALUES ('Julia Ferreira 20', 'user20@email.com', 'PROFESSOR', 'hash20');
INSERT INTO usuarios(nome, email, tipoUsuario, senhaHash) VALUES ('João Costa 21', 'user21@email.com', 'ALUNO', 'hash21');
INSERT INTO usuarios(nome, email, tipoUsuario, senhaHash) VALUES ('Pedro Oliveira 22', 'user22@email.com', 'ALUNO', 'hash22');
INSERT INTO usuarios(nome, email, tipoUsuario, senhaHash) VALUES ('Pedro Silva 23', 'user23@email.com', 'PROFESSOR', 'hash23');
INSERT INTO usuarios(nome, email, tipoUsuario, senhaHash) VALUES ('Maria Pereira 24', 'user24@email.com', 'SECRETARIA', 'hash24');
INSERT INTO usuarios(nome, email, tipoUsuario, senhaHash) VALUES ('Carlos Oliveira 25', 'user25@email.com', 'ALUNO', 'hash25');
INSERT INTO usuarios(nome, email, tipoUsuario, senhaHash) VALUES ('Amanda Lima 26', 'user26@email.com', 'ADMIN', 'hash26');
INSERT INTO usuarios(nome, email, tipoUsuario, senhaHash) VALUES ('Ricardo Souza 27', 'user27@email.com', 'ALUNO', 'hash27');
INSERT INTO usuarios(nome, email, tipoUsuario, senhaHash) VALUES ('João Alves 28', 'user28@email.com', 'ALUNO', 'hash28');
INSERT INTO usuarios(nome, email, tipoUsuario, senhaHash) VALUES ('Amanda Alves 29', 'user29@email.com', 'ALUNO', 'hash29');
INSERT INTO usuarios(nome, email, tipoUsuario, senhaHash) VALUES ('Fernanda Santos 30', 'user30@email.com', 'ADMIN', 'hash30');
INSERT INTO usuarios(nome, email, tipoUsuario, senhaHash) VALUES ('Lucas Santos 31', 'user31@email.com', 'PROFESSOR', 'hash31');
INSERT INTO usuarios(nome, email, tipoUsuario, senhaHash) VALUES ('Ana Rodrigues 32', 'user32@email.com', 'ALUNO', 'hash32');
INSERT INTO usuarios(nome, email, tipoUsuario, senhaHash) VALUES ('Carlos Ferreira 33', 'user33@email.com', 'SECRETARIA', 'hash33');
INSERT INTO usuarios(nome, email, tipoUsuario, senhaHash) VALUES ('Maria Oliveira 34', 'user34@email.com', 'ALUNO', 'hash34');
INSERT INTO usuarios(nome, email, tipoUsuario, senhaHash) VALUES ('Amanda Pereira 35', 'user35@email.com', 'SECRETARIA', 'hash35');
INSERT INTO usuarios(nome, email, tipoUsuario, senhaHash) VALUES ('Maria Lima 36', 'user36@email.com', 'ADMIN', 'hash36');
INSERT INTO usuarios(nome, email, tipoUsuario, senhaHash) VALUES ('Carlos Oliveira 37', 'user37@email.com', 'ADMIN', 'hash37');
INSERT INTO usuarios(nome, email, tipoUsuario, senhaHash) VALUES ('Amanda Pereira 38', 'user38@email.com', 'ALUNO', 'hash38');
INSERT INTO usuarios(nome, email, tipoUsuario, senhaHash) VALUES ('Lucas Pereira 39', 'user39@email.com', 'PROFESSOR', 'hash39');
INSERT INTO usuarios(nome, email, tipoUsuario, senhaHash) VALUES ('Carlos Costa 40', 'user40@email.com', 'PROFESSOR', 'hash40');
INSERT INTO usuarios(nome, email, tipoUsuario, senhaHash) VALUES ('Julia Silva 41', 'user41@email.com', 'ADMIN', 'hash41');
INSERT INTO usuarios(nome, email, tipoUsuario, senhaHash) VALUES ('Ricardo Oliveira 42', 'user42@email.com', 'SECRETARIA', 'hash42');
INSERT INTO usuarios(nome, email, tipoUsuario, senhaHash) VALUES ('Maria Alves 43', 'user43@email.com', 'PROFESSOR', 'hash43');
INSERT INTO usuarios(nome, email, tipoUsuario, senhaHash) VALUES ('Carlos Santos 44', 'user44@email.com', 'ADMIN', 'hash44');
INSERT INTO usuarios(nome, email, tipoUsuario, senhaHash) VALUES ('Ricardo Costa 45', 'user45@email.com', 'SECRETARIA', 'hash45');
INSERT INTO usuarios(nome, email, tipoUsuario, senhaHash) VALUES ('Fernanda Souza 46', 'user46@email.com', 'ALUNO', 'hash46');
INSERT INTO usuarios(nome, email, tipoUsuario, senhaHash) VALUES ('Maria Costa 47', 'user47@email.com', 'PROFESSOR', 'hash47');
INSERT INTO usuarios(nome, email, tipoUsuario, senhaHash) VALUES ('João Santos 48', 'user48@email.com', 'SECRETARIA', 'hash48');
INSERT INTO usuarios(nome, email, tipoUsuario, senhaHash) VALUES ('Carlos Silva 49', 'user49@email.com', 'SECRETARIA', 'hash49');
INSERT INTO usuarios(nome, email, tipoUsuario, senhaHash) VALUES ('Fernanda Lima 50', 'user50@email.com', 'PROFESSOR', 'hash50');
INSERT INTO usuarios(nome, email, tipoUsuario, senhaHash) VALUES ('Lucas Rodrigues 51', 'user51@email.com', 'ADMIN', 'hash51');
INSERT INTO usuarios(nome, email, tipoUsuario, senhaHash) VALUES ('Ricardo Souza 52', 'user52@email.com', 'PROFESSOR', 'hash52');
INSERT INTO usuarios(nome, email, tipoUsuario, senhaHash) VALUES ('Ricardo Costa 53', 'user53@email.com', 'ADMIN', 'hash53');
INSERT INTO usuarios(nome, email, tipoUsuario, senhaHash) VALUES ('Fernanda Oliveira 54', 'user54@email.com', 'ADMIN', 'hash54');
INSERT INTO usuarios(nome, email, tipoUsuario, senhaHash) VALUES ('Julia Silva 55', 'user55@email.com', 'PROFESSOR', 'hash55');
INSERT INTO usuarios(nome, email, tipoUsuario, senhaHash) VALUES ('Lucas Oliveira 56', 'user56@email.com', 'ADMIN', 'hash56');
INSERT INTO usuarios(nome, email, tipoUsuario, senhaHash) VALUES ('João Souza 57', 'user57@email.com', 'ALUNO', 'hash57');
INSERT INTO usuarios(nome, email, tipoUsuario, senhaHash) VALUES ('Julia Pereira 58', 'user58@email.com', 'ALUNO', 'hash58');
INSERT INTO usuarios(nome, email, tipoUsuario, senhaHash) VALUES ('Carlos Oliveira 59', 'user59@email.com', 'SECRETARIA', 'hash59');
INSERT INTO usuarios(nome, email, tipoUsuario, senhaHash) VALUES ('Ana Silva 60', 'user60@email.com', 'ADMIN', 'hash60');
INSERT INTO usuarios(nome, email, tipoUsuario, senhaHash) VALUES ('Lucas Oliveira 61', 'user61@email.com', 'SECRETARIA', 'hash61');
INSERT INTO usuarios(nome, email, tipoUsuario, senhaHash) VALUES ('Carlos Alves 62', 'user62@email.com', 'SECRETARIA', 'hash62');
INSERT INTO usuarios(nome, email, tipoUsuario, senhaHash) VALUES ('Fernanda Pereira 63', 'user63@email.com', 'SECRETARIA', 'hash63');
INSERT INTO usuarios(nome, email, tipoUsuario, senhaHash) VALUES ('Lucas Oliveira 64', 'user64@email.com', 'PROFESSOR', 'hash64');
INSERT INTO usuarios(nome, email, tipoUsuario, senhaHash) VALUES ('Pedro Santos 65', 'user65@email.com', 'ADMIN', 'hash65');
INSERT INTO usuarios(nome, email, tipoUsuario, senhaHash) VALUES ('Pedro Oliveira 66', 'user66@email.com', 'ADMIN', 'hash66');
INSERT INTO usuarios(nome, email, tipoUsuario, senhaHash) VALUES ('João Lima 67', 'user67@email.com', 'SECRETARIA', 'hash67');
INSERT INTO usuarios(nome, email, tipoUsuario, senhaHash) VALUES ('Carlos Rodrigues 68', 'user68@email.com', 'ALUNO', 'hash68');
INSERT INTO usuarios(nome, email, tipoUsuario, senhaHash) VALUES ('Maria Alves 69', 'user69@email.com', 'PROFESSOR', 'hash69');
INSERT INTO usuarios(nome, email, tipoUsuario, senhaHash) VALUES ('Lucas Souza 70', 'user70@email.com', 'PROFESSOR', 'hash70');
INSERT INTO usuarios(nome, email, tipoUsuario, senhaHash) VALUES ('Maria Oliveira 71', 'user71@email.com', 'PROFESSOR', 'hash71');
INSERT INTO usuarios(nome, email, tipoUsuario, senhaHash) VALUES ('Lucas Rodrigues 72', 'user72@email.com', 'SECRETARIA', 'hash72');
INSERT INTO usuarios(nome, email, tipoUsuario, senhaHash) VALUES ('Julia Silva 73', 'user73@email.com', 'SECRETARIA', 'hash73');
INSERT INTO usuarios(nome, email, tipoUsuario, senhaHash) VALUES ('Julia Silva 74', 'user74@email.com', 'SECRETARIA', 'hash74');
INSERT INTO usuarios(nome, email, tipoUsuario, senhaHash) VALUES ('Ana Oliveira 75', 'user75@email.com', 'ADMIN', 'hash75');
INSERT INTO usuarios(nome, email, tipoUsuario, senhaHash) VALUES ('Maria Ferreira 76', 'user76@email.com', 'PROFESSOR', 'hash76');
INSERT INTO usuarios(nome, email, tipoUsuario, senhaHash) VALUES ('João Souza 77', 'user77@email.com', 'ADMIN', 'hash77');
INSERT INTO usuarios(nome, email, tipoUsuario, senhaHash) VALUES ('Ana Rodrigues 78', 'user78@email.com', 'ALUNO', 'hash78');
INSERT INTO usuarios(nome, email, tipoUsuario, senhaHash) VALUES ('Fernanda Souza 79', 'user79@email.com', 'SECRETARIA', 'hash79');
INSERT INTO usuarios(nome, email, tipoUsuario, senhaHash) VALUES ('Ricardo Ferreira 80', 'user80@email.com', 'ADMIN', 'hash80');
INSERT INTO usuarios(nome, email, tipoUsuario, senhaHash) VALUES ('João Oliveira 81', 'user81@email.com', 'ADMIN', 'hash81');
INSERT INTO usuarios(nome, email, tipoUsuario, senhaHash) VALUES ('Ana Pereira 82', 'user82@email.com', 'PROFESSOR', 'hash82');
INSERT INTO usuarios(nome, email, tipoUsuario, senhaHash) VALUES ('Lucas Silva 83', 'user83@email.com', 'PROFESSOR', 'hash83');
INSERT INTO usuarios(nome, email, tipoUsuario, senhaHash) VALUES ('Pedro Souza 84', 'user84@email.com', 'ADMIN', 'hash84');
INSERT INTO usuarios(nome, email, tipoUsuario, senhaHash) VALUES ('Pedro Lima 85', 'user85@email.com', 'ADMIN', 'hash85');
INSERT INTO usuarios(nome, email, tipoUsuario, senhaHash) VALUES ('Fernanda Costa 86', 'user86@email.com', 'PROFESSOR', 'hash86');
INSERT INTO usuarios(nome, email, tipoUsuario, senhaHash) VALUES ('Maria Lima 87', 'user87@email.com', 'ADMIN', 'hash87');
INSERT INTO usuarios(nome, email, tipoUsuario, senhaHash) VALUES ('Fernanda Silva 88', 'user88@email.com', 'ALUNO', 'hash88');
INSERT INTO usuarios(nome, email, tipoUsuario, senhaHash) VALUES ('Ricardo Rodrigues 89', 'user89@email.com', 'PROFESSOR', 'hash89');
INSERT INTO usuarios(nome, email, tipoUsuario, senhaHash) VALUES ('Fernanda Rodrigues 90', 'user90@email.com', 'ADMIN', 'hash90');
INSERT INTO usuarios(nome, email, tipoUsuario, senhaHash) VALUES ('Carlos Santos 91', 'user91@email.com', 'ALUNO', 'hash91');
INSERT INTO usuarios(nome, email, tipoUsuario, senhaHash) VALUES ('João Oliveira 92', 'user92@email.com', 'ALUNO', 'hash92');
INSERT INTO usuarios(nome, email, tipoUsuario, senhaHash) VALUES ('Lucas Alves 93', 'user93@email.com', 'PROFESSOR', 'hash93');
INSERT INTO usuarios(nome, email, tipoUsuario, senhaHash) VALUES ('Carlos Rodrigues 94', 'user94@email.com', 'ADMIN', 'hash94');
INSERT INTO usuarios(nome, email, tipoUsuario, senhaHash) VALUES ('Pedro Pereira 95', 'user95@email.com', 'SECRETARIA', 'hash95');
INSERT INTO usuarios(nome, email, tipoUsuario, senhaHash) VALUES ('João Costa 96', 'user96@email.com', 'ADMIN', 'hash96');
INSERT INTO usuarios(nome, email, tipoUsuario, senhaHash) VALUES ('Julia Pereira 97', 'user97@email.com', 'ALUNO', 'hash97');
INSERT INTO usuarios(nome, email, tipoUsuario, senhaHash) VALUES ('Pedro Alves 98', 'user98@email.com', 'SECRETARIA', 'hash98');
INSERT INTO usuarios(nome, email, tipoUsuario, senhaHash) VALUES ('Julia Oliveira 99', 'user99@email.com', 'ALUNO', 'hash99');
INSERT INTO usuarios(nome, email, tipoUsuario, senhaHash) VALUES ('Julia Ferreira 100', 'user100@email.com', 'PROFESSOR', 'hash100');
INSERT INTO usuarios(nome, email, tipoUsuario, senhaHash) VALUES ('Carlos Alves 101', 'user101@email.com', 'PROFESSOR', 'hash101');
INSERT INTO usuarios(nome, email, tipoUsuario, senhaHash) VALUES ('Lucas Santos 102', 'user102@email.com', 'PROFESSOR', 'hash102');
INSERT INTO usuarios(nome, email, tipoUsuario, senhaHash) VALUES ('Julia Alves 103', 'user103@email.com', 'ALUNO', 'hash103');
INSERT INTO usuarios(nome, email, tipoUsuario, senhaHash) VALUES ('Amanda Rodrigues 104', 'user104@email.com', 'PROFESSOR', 'hash104');
INSERT INTO usuarios(nome, email, tipoUsuario, senhaHash) VALUES ('Amanda Souza 105', 'user105@email.com', 'ALUNO', 'hash105');
INSERT INTO usuarios(nome, email, tipoUsuario, senhaHash) VALUES ('Maria Santos 106', 'user106@email.com', 'PROFESSOR', 'hash106');
INSERT INTO usuarios(nome, email, tipoUsuario, senhaHash) VALUES ('Carlos Silva 107', 'user107@email.com', 'ADMIN', 'hash107');
INSERT INTO usuarios(nome, email, tipoUsuario, senhaHash) VALUES ('Fernanda Lima 108', 'user108@email.com', 'SECRETARIA', 'hash108');
INSERT INTO usuarios(nome, email, tipoUsuario, senhaHash) VALUES ('Lucas Silva 109', 'user109@email.com', 'ALUNO', 'hash109');
INSERT INTO usuarios(nome, email, tipoUsuario, senhaHash) VALUES ('Maria Pereira 110', 'user110@email.com', 'ALUNO', 'hash110');
INSERT INTO usuarios(nome, email, tipoUsuario, senhaHash) VALUES ('Maria Alves 111', 'user111@email.com', 'ADMIN', 'hash111');
INSERT INTO usuarios(nome, email, tipoUsuario, senhaHash) VALUES ('Fernanda Oliveira 112', 'user112@email.com', 'ALUNO', 'hash112');
INSERT INTO usuarios(nome, email, tipoUsuario, senhaHash) VALUES ('Amanda Rodrigues 113', 'user113@email.com', 'PROFESSOR', 'hash113');
INSERT INTO usuarios(nome, email, tipoUsuario, senhaHash) VALUES ('Lucas Lima 114', 'user114@email.com', 'ADMIN', 'hash114');
INSERT INTO usuarios(nome, email, tipoUsuario, senhaHash) VALUES ('Julia Souza 115', 'user115@email.com', 'ALUNO', 'hash115');
INSERT INTO usuarios(nome, email, tipoUsuario, senhaHash) VALUES ('João Souza 116', 'user116@email.com', 'PROFESSOR', 'hash116');
INSERT INTO usuarios(nome, email, tipoUsuario, senhaHash) VALUES ('Ana Pereira 117', 'user117@email.com', 'ALUNO', 'hash117');
INSERT INTO usuarios(nome, email, tipoUsuario, senhaHash) VALUES ('Carlos Souza 118', 'user118@email.com', 'ALUNO', 'hash118');
INSERT INTO usuarios(nome, email, tipoUsuario, senhaHash) VALUES ('Fernanda Lima 119', 'user119@email.com', 'SECRETARIA', 'hash119');
INSERT INTO usuarios(nome, email, tipoUsuario, senhaHash) VALUES ('Ricardo Costa 120', 'user120@email.com', 'ADMIN', 'hash120');
INSERT INTO logsSistema(id_usuario, acao, tabelaAfetada, dataHora, descricao) VALUES (111, 'UPDATE', 'Tabela10', '2026-04-04 04:07:03', 'Log automatico 1');
INSERT INTO logsSistema(id_usuario, acao, tabelaAfetada, dataHora, descricao) VALUES (44, 'UPDATE', 'Tabela11', '2025-09-18 04:07:03', 'Log automatico 2');
INSERT INTO logsSistema(id_usuario, acao, tabelaAfetada, dataHora, descricao) VALUES (60, 'SELECT', 'Tabela16', '2026-04-22 04:07:03', 'Log automatico 3');
INSERT INTO logsSistema(id_usuario, acao, tabelaAfetada, dataHora, descricao) VALUES (40, 'DELETE', 'Tabela4', '2025-08-21 04:07:03', 'Log automatico 4');
INSERT INTO logsSistema(id_usuario, acao, tabelaAfetada, dataHora, descricao) VALUES (41, 'INSERT', 'Tabela4', '2025-07-09 04:07:03', 'Log automatico 5');
INSERT INTO logsSistema(id_usuario, acao, tabelaAfetada, dataHora, descricao) VALUES (79, 'SELECT', 'Tabela16', '2025-11-02 04:07:03', 'Log automatico 6');
INSERT INTO logsSistema(id_usuario, acao, tabelaAfetada, dataHora, descricao) VALUES (47, 'UPDATE', 'Tabela10', '2025-08-12 04:07:03', 'Log automatico 7');
INSERT INTO logsSistema(id_usuario, acao, tabelaAfetada, dataHora, descricao) VALUES (20, 'SELECT', 'Tabela5', '2026-01-09 04:07:03', 'Log automatico 8');
INSERT INTO logsSistema(id_usuario, acao, tabelaAfetada, dataHora, descricao) VALUES (97, 'DELETE', 'Tabela14', '2025-12-28 04:07:03', 'Log automatico 9');
INSERT INTO logsSistema(id_usuario, acao, tabelaAfetada, dataHora, descricao) VALUES (119, 'INSERT', 'Tabela18', '2026-03-05 04:07:03', 'Log automatico 10');
INSERT INTO logsSistema(id_usuario, acao, tabelaAfetada, dataHora, descricao) VALUES (33, 'INSERT', 'Tabela8', '2025-08-28 04:07:03', 'Log automatico 11');
INSERT INTO logsSistema(id_usuario, acao, tabelaAfetada, dataHora, descricao) VALUES (2, 'SELECT', 'Tabela14', '2025-07-21 04:07:03', 'Log automatico 12');
INSERT INTO logsSistema(id_usuario, acao, tabelaAfetada, dataHora, descricao) VALUES (107, 'UPDATE', 'Tabela17', '2025-12-22 04:07:03', 'Log automatico 13');
INSERT INTO logsSistema(id_usuario, acao, tabelaAfetada, dataHora, descricao) VALUES (26, 'SELECT', 'Tabela4', '2025-08-01 04:07:03', 'Log automatico 14');
INSERT INTO logsSistema(id_usuario, acao, tabelaAfetada, dataHora, descricao) VALUES (116, 'DELETE', 'Tabela16', '2025-09-01 04:07:03', 'Log automatico 15');
INSERT INTO logsSistema(id_usuario, acao, tabelaAfetada, dataHora, descricao) VALUES (30, 'INSERT', 'Tabela15', '2025-07-13 04:07:03', 'Log automatico 16');
INSERT INTO logsSistema(id_usuario, acao, tabelaAfetada, dataHora, descricao) VALUES (91, 'UPDATE', 'Tabela7', '2026-02-19 04:07:03', 'Log automatico 17');
INSERT INTO logsSistema(id_usuario, acao, tabelaAfetada, dataHora, descricao) VALUES (70, 'INSERT', 'Tabela20', '2026-01-17 04:07:03', 'Log automatico 18');
INSERT INTO logsSistema(id_usuario, acao, tabelaAfetada, dataHora, descricao) VALUES (109, 'SELECT', 'Tabela11', '2025-08-25 04:07:03', 'Log automatico 19');
INSERT INTO logsSistema(id_usuario, acao, tabelaAfetada, dataHora, descricao) VALUES (32, 'UPDATE', 'Tabela5', '2026-01-23 04:07:03', 'Log automatico 20');
INSERT INTO logsSistema(id_usuario, acao, tabelaAfetada, dataHora, descricao) VALUES (8, 'UPDATE', 'Tabela13', '2026-05-15 04:07:03', 'Log automatico 21');
INSERT INTO logsSistema(id_usuario, acao, tabelaAfetada, dataHora, descricao) VALUES (14, 'UPDATE', 'Tabela17', '2025-09-18 04:07:03', 'Log automatico 22');
INSERT INTO logsSistema(id_usuario, acao, tabelaAfetada, dataHora, descricao) VALUES (60, 'UPDATE', 'Tabela1', '2026-03-04 04:07:03', 'Log automatico 23');
INSERT INTO logsSistema(id_usuario, acao, tabelaAfetada, dataHora, descricao) VALUES (63, 'SELECT', 'Tabela16', '2026-04-02 04:07:03', 'Log automatico 24');
INSERT INTO logsSistema(id_usuario, acao, tabelaAfetada, dataHora, descricao) VALUES (27, 'UPDATE', 'Tabela19', '2026-01-30 04:07:03', 'Log automatico 25');
INSERT INTO logsSistema(id_usuario, acao, tabelaAfetada, dataHora, descricao) VALUES (68, 'SELECT', 'Tabela16', '2025-05-20 04:07:03', 'Log automatico 26');
INSERT INTO logsSistema(id_usuario, acao, tabelaAfetada, dataHora, descricao) VALUES (62, 'UPDATE', 'Tabela11', '2025-12-02 04:07:03', 'Log automatico 27');
INSERT INTO logsSistema(id_usuario, acao, tabelaAfetada, dataHora, descricao) VALUES (64, 'SELECT', 'Tabela1', '2026-03-24 04:07:03', 'Log automatico 28');
INSERT INTO logsSistema(id_usuario, acao, tabelaAfetada, dataHora, descricao) VALUES (54, 'DELETE', 'Tabela3', '2025-08-14 04:07:03', 'Log automatico 29');
INSERT INTO logsSistema(id_usuario, acao, tabelaAfetada, dataHora, descricao) VALUES (49, 'DELETE', 'Tabela6', '2025-10-03 04:07:03', 'Log automatico 30');
INSERT INTO logsSistema(id_usuario, acao, tabelaAfetada, dataHora, descricao) VALUES (111, 'UPDATE', 'Tabela11', '2026-03-27 04:07:03', 'Log automatico 31');
INSERT INTO logsSistema(id_usuario, acao, tabelaAfetada, dataHora, descricao) VALUES (36, 'DELETE', 'Tabela5', '2025-10-05 04:07:03', 'Log automatico 32');
INSERT INTO logsSistema(id_usuario, acao, tabelaAfetada, dataHora, descricao) VALUES (103, 'INSERT', 'Tabela4', '2026-01-31 04:07:03', 'Log automatico 33');
INSERT INTO logsSistema(id_usuario, acao, tabelaAfetada, dataHora, descricao) VALUES (31, 'SELECT', 'Tabela5', '2025-07-24 04:07:03', 'Log automatico 34');
INSERT INTO logsSistema(id_usuario, acao, tabelaAfetada, dataHora, descricao) VALUES (93, 'UPDATE', 'Tabela18', '2025-08-30 04:07:03', 'Log automatico 35');
INSERT INTO logsSistema(id_usuario, acao, tabelaAfetada, dataHora, descricao) VALUES (61, 'INSERT', 'Tabela14', '2025-06-17 04:07:03', 'Log automatico 36');
INSERT INTO logsSistema(id_usuario, acao, tabelaAfetada, dataHora, descricao) VALUES (5, 'DELETE', 'Tabela14', '2025-10-27 04:07:03', 'Log automatico 37');
INSERT INTO logsSistema(id_usuario, acao, tabelaAfetada, dataHora, descricao) VALUES (100, 'INSERT', 'Tabela12', '2025-11-24 04:07:03', 'Log automatico 38');
INSERT INTO logsSistema(id_usuario, acao, tabelaAfetada, dataHora, descricao) VALUES (21, 'SELECT', 'Tabela15', '2025-08-08 04:07:03', 'Log automatico 39');
INSERT INTO logsSistema(id_usuario, acao, tabelaAfetada, dataHora, descricao) VALUES (117, 'INSERT', 'Tabela16', '2026-02-17 04:07:03', 'Log automatico 40');
INSERT INTO logsSistema(id_usuario, acao, tabelaAfetada, dataHora, descricao) VALUES (84, 'DELETE', 'Tabela16', '2025-11-12 04:07:03', 'Log automatico 41');
INSERT INTO logsSistema(id_usuario, acao, tabelaAfetada, dataHora, descricao) VALUES (98, 'DELETE', 'Tabela1', '2025-12-16 04:07:03', 'Log automatico 42');
INSERT INTO logsSistema(id_usuario, acao, tabelaAfetada, dataHora, descricao) VALUES (112, 'SELECT', 'Tabela12', '2025-06-08 04:07:03', 'Log automatico 43');
INSERT INTO logsSistema(id_usuario, acao, tabelaAfetada, dataHora, descricao) VALUES (85, 'DELETE', 'Tabela20', '2026-01-06 04:07:03', 'Log automatico 44');
INSERT INTO logsSistema(id_usuario, acao, tabelaAfetada, dataHora, descricao) VALUES (77, 'DELETE', 'Tabela15', '2025-10-25 04:07:03', 'Log automatico 45');
INSERT INTO logsSistema(id_usuario, acao, tabelaAfetada, dataHora, descricao) VALUES (17, 'DELETE', 'Tabela15', '2026-02-03 04:07:03', 'Log automatico 46');
INSERT INTO logsSistema(id_usuario, acao, tabelaAfetada, dataHora, descricao) VALUES (59, 'UPDATE', 'Tabela16', '2026-01-12 04:07:03', 'Log automatico 47');
INSERT INTO logsSistema(id_usuario, acao, tabelaAfetada, dataHora, descricao) VALUES (71, 'DELETE', 'Tabela6', '2026-02-16 04:07:03', 'Log automatico 48');
INSERT INTO logsSistema(id_usuario, acao, tabelaAfetada, dataHora, descricao) VALUES (46, 'INSERT', 'Tabela2', '2026-01-17 04:07:03', 'Log automatico 49');
INSERT INTO logsSistema(id_usuario, acao, tabelaAfetada, dataHora, descricao) VALUES (5, 'DELETE', 'Tabela13', '2026-04-05 04:07:03', 'Log automatico 50');
INSERT INTO logsSistema(id_usuario, acao, tabelaAfetada, dataHora, descricao) VALUES (92, 'SELECT', 'Tabela6', '2026-02-13 04:07:03', 'Log automatico 51');
INSERT INTO logsSistema(id_usuario, acao, tabelaAfetada, dataHora, descricao) VALUES (37, 'SELECT', 'Tabela11', '2026-01-08 04:07:03', 'Log automatico 52');
INSERT INTO logsSistema(id_usuario, acao, tabelaAfetada, dataHora, descricao) VALUES (27, 'INSERT', 'Tabela14', '2025-06-01 04:07:03', 'Log automatico 53');
INSERT INTO logsSistema(id_usuario, acao, tabelaAfetada, dataHora, descricao) VALUES (27, 'DELETE', 'Tabela10', '2026-03-27 04:07:03', 'Log automatico 54');
INSERT INTO logsSistema(id_usuario, acao, tabelaAfetada, dataHora, descricao) VALUES (20, 'DELETE', 'Tabela5', '2025-06-06 04:07:03', 'Log automatico 55');
INSERT INTO logsSistema(id_usuario, acao, tabelaAfetada, dataHora, descricao) VALUES (31, 'UPDATE', 'Tabela14', '2026-03-26 04:07:03', 'Log automatico 56');
INSERT INTO logsSistema(id_usuario, acao, tabelaAfetada, dataHora, descricao) VALUES (94, 'UPDATE', 'Tabela12', '2025-10-12 04:07:03', 'Log automatico 57');
INSERT INTO logsSistema(id_usuario, acao, tabelaAfetada, dataHora, descricao) VALUES (38, 'DELETE', 'Tabela13', '2025-12-24 04:07:03', 'Log automatico 58');
INSERT INTO logsSistema(id_usuario, acao, tabelaAfetada, dataHora, descricao) VALUES (31, 'DELETE', 'Tabela16', '2026-01-19 04:07:03', 'Log automatico 59');
INSERT INTO logsSistema(id_usuario, acao, tabelaAfetada, dataHora, descricao) VALUES (43, 'UPDATE', 'Tabela20', '2026-05-04 04:07:03', 'Log automatico 60');
INSERT INTO logsSistema(id_usuario, acao, tabelaAfetada, dataHora, descricao) VALUES (101, 'UPDATE', 'Tabela7', '2025-09-20 04:07:03', 'Log automatico 61');
INSERT INTO logsSistema(id_usuario, acao, tabelaAfetada, dataHora, descricao) VALUES (71, 'DELETE', 'Tabela19', '2025-08-31 04:07:03', 'Log automatico 62');
INSERT INTO logsSistema(id_usuario, acao, tabelaAfetada, dataHora, descricao) VALUES (53, 'INSERT', 'Tabela6', '2026-03-10 04:07:03', 'Log automatico 63');
INSERT INTO logsSistema(id_usuario, acao, tabelaAfetada, dataHora, descricao) VALUES (99, 'INSERT', 'Tabela14', '2026-04-23 04:07:03', 'Log automatico 64');
INSERT INTO logsSistema(id_usuario, acao, tabelaAfetada, dataHora, descricao) VALUES (91, 'INSERT', 'Tabela5', '2026-04-29 04:07:03', 'Log automatico 65');
INSERT INTO logsSistema(id_usuario, acao, tabelaAfetada, dataHora, descricao) VALUES (47, 'DELETE', 'Tabela7', '2025-07-26 04:07:03', 'Log automatico 66');
INSERT INTO logsSistema(id_usuario, acao, tabelaAfetada, dataHora, descricao) VALUES (111, 'SELECT', 'Tabela20', '2025-06-20 04:07:03', 'Log automatico 67');
INSERT INTO logsSistema(id_usuario, acao, tabelaAfetada, dataHora, descricao) VALUES (66, 'SELECT', 'Tabela11', '2026-02-07 04:07:03', 'Log automatico 68');
INSERT INTO logsSistema(id_usuario, acao, tabelaAfetada, dataHora, descricao) VALUES (53, 'SELECT', 'Tabela9', '2025-05-31 04:07:03', 'Log automatico 69');
INSERT INTO logsSistema(id_usuario, acao, tabelaAfetada, dataHora, descricao) VALUES (116, 'DELETE', 'Tabela4', '2026-01-23 04:07:03', 'Log automatico 70');
INSERT INTO logsSistema(id_usuario, acao, tabelaAfetada, dataHora, descricao) VALUES (68, 'DELETE', 'Tabela14', '2026-04-10 04:07:03', 'Log automatico 71');
INSERT INTO logsSistema(id_usuario, acao, tabelaAfetada, dataHora, descricao) VALUES (54, 'INSERT', 'Tabela6', '2025-12-15 04:07:03', 'Log automatico 72');
INSERT INTO logsSistema(id_usuario, acao, tabelaAfetada, dataHora, descricao) VALUES (94, 'DELETE', 'Tabela17', '2025-08-23 04:07:03', 'Log automatico 73');
INSERT INTO logsSistema(id_usuario, acao, tabelaAfetada, dataHora, descricao) VALUES (27, 'UPDATE', 'Tabela13', '2025-05-27 04:07:03', 'Log automatico 74');
INSERT INTO logsSistema(id_usuario, acao, tabelaAfetada, dataHora, descricao) VALUES (74, 'UPDATE', 'Tabela17', '2025-08-25 04:07:03', 'Log automatico 75');
INSERT INTO logsSistema(id_usuario, acao, tabelaAfetada, dataHora, descricao) VALUES (43, 'DELETE', 'Tabela20', '2026-05-01 04:07:03', 'Log automatico 76');
INSERT INTO logsSistema(id_usuario, acao, tabelaAfetada, dataHora, descricao) VALUES (114, 'DELETE', 'Tabela19', '2025-10-07 04:07:03', 'Log automatico 77');
INSERT INTO logsSistema(id_usuario, acao, tabelaAfetada, dataHora, descricao) VALUES (108, 'UPDATE', 'Tabela20', '2026-03-04 04:07:03', 'Log automatico 78');
INSERT INTO logsSistema(id_usuario, acao, tabelaAfetada, dataHora, descricao) VALUES (71, 'DELETE', 'Tabela19', '2026-03-13 04:07:03', 'Log automatico 79');
INSERT INTO logsSistema(id_usuario, acao, tabelaAfetada, dataHora, descricao) VALUES (27, 'DELETE', 'Tabela3', '2026-03-10 04:07:03', 'Log automatico 80');
INSERT INTO logsSistema(id_usuario, acao, tabelaAfetada, dataHora, descricao) VALUES (92, 'UPDATE', 'Tabela6', '2025-10-03 04:07:03', 'Log automatico 81');
INSERT INTO logsSistema(id_usuario, acao, tabelaAfetada, dataHora, descricao) VALUES (89, 'UPDATE', 'Tabela7', '2025-05-31 04:07:03', 'Log automatico 82');
INSERT INTO logsSistema(id_usuario, acao, tabelaAfetada, dataHora, descricao) VALUES (114, 'SELECT', 'Tabela8', '2025-08-23 04:07:03', 'Log automatico 83');
INSERT INTO logsSistema(id_usuario, acao, tabelaAfetada, dataHora, descricao) VALUES (67, 'DELETE', 'Tabela10', '2025-12-05 04:07:03', 'Log automatico 84');
INSERT INTO logsSistema(id_usuario, acao, tabelaAfetada, dataHora, descricao) VALUES (55, 'SELECT', 'Tabela20', '2025-10-12 04:07:03', 'Log automatico 85');
INSERT INTO logsSistema(id_usuario, acao, tabelaAfetada, dataHora, descricao) VALUES (32, 'INSERT', 'Tabela14', '2026-04-02 04:07:03', 'Log automatico 86');
INSERT INTO logsSistema(id_usuario, acao, tabelaAfetada, dataHora, descricao) VALUES (111, 'UPDATE', 'Tabela9', '2025-10-18 04:07:03', 'Log automatico 87');
INSERT INTO logsSistema(id_usuario, acao, tabelaAfetada, dataHora, descricao) VALUES (8, 'INSERT', 'Tabela18', '2026-04-21 04:07:03', 'Log automatico 88');
INSERT INTO logsSistema(id_usuario, acao, tabelaAfetada, dataHora, descricao) VALUES (97, 'DELETE', 'Tabela15', '2025-12-15 04:07:03', 'Log automatico 89');
INSERT INTO logsSistema(id_usuario, acao, tabelaAfetada, dataHora, descricao) VALUES (70, 'SELECT', 'Tabela18', '2025-08-17 04:07:03', 'Log automatico 90');
INSERT INTO logsSistema(id_usuario, acao, tabelaAfetada, dataHora, descricao) VALUES (38, 'INSERT', 'Tabela12', '2026-05-13 04:07:03', 'Log automatico 91');
INSERT INTO logsSistema(id_usuario, acao, tabelaAfetada, dataHora, descricao) VALUES (59, 'INSERT', 'Tabela15', '2026-04-02 04:07:03', 'Log automatico 92');
INSERT INTO logsSistema(id_usuario, acao, tabelaAfetada, dataHora, descricao) VALUES (116, 'SELECT', 'Tabela10', '2025-08-23 04:07:03', 'Log automatico 93');
INSERT INTO logsSistema(id_usuario, acao, tabelaAfetada, dataHora, descricao) VALUES (37, 'UPDATE', 'Tabela1', '2025-10-28 04:07:03', 'Log automatico 94');
INSERT INTO logsSistema(id_usuario, acao, tabelaAfetada, dataHora, descricao) VALUES (51, 'DELETE', 'Tabela12', '2026-04-02 04:07:03', 'Log automatico 95');
INSERT INTO logsSistema(id_usuario, acao, tabelaAfetada, dataHora, descricao) VALUES (4, 'UPDATE', 'Tabela12', '2026-02-01 04:07:03', 'Log automatico 96');
INSERT INTO logsSistema(id_usuario, acao, tabelaAfetada, dataHora, descricao) VALUES (94, 'INSERT', 'Tabela4', '2025-11-20 04:07:03', 'Log automatico 97');
INSERT INTO logsSistema(id_usuario, acao, tabelaAfetada, dataHora, descricao) VALUES (109, 'INSERT', 'Tabela3', '2026-01-18 04:07:03', 'Log automatico 98');
INSERT INTO logsSistema(id_usuario, acao, tabelaAfetada, dataHora, descricao) VALUES (54, 'SELECT', 'Tabela13', '2026-03-18 04:07:03', 'Log automatico 99');
INSERT INTO logsSistema(id_usuario, acao, tabelaAfetada, dataHora, descricao) VALUES (84, 'DELETE', 'Tabela13', '2026-05-11 04:07:03', 'Log automatico 100');
INSERT INTO logsSistema(id_usuario, acao, tabelaAfetada, dataHora, descricao) VALUES (20, 'UPDATE', 'Tabela4', '2026-04-24 04:07:03', 'Log automatico 101');
INSERT INTO logsSistema(id_usuario, acao, tabelaAfetada, dataHora, descricao) VALUES (6, 'SELECT', 'Tabela9', '2026-01-28 04:07:03', 'Log automatico 102');
INSERT INTO logsSistema(id_usuario, acao, tabelaAfetada, dataHora, descricao) VALUES (26, 'SELECT', 'Tabela7', '2026-02-19 04:07:03', 'Log automatico 103');
INSERT INTO logsSistema(id_usuario, acao, tabelaAfetada, dataHora, descricao) VALUES (81, 'DELETE', 'Tabela18', '2025-10-15 04:07:03', 'Log automatico 104');
INSERT INTO logsSistema(id_usuario, acao, tabelaAfetada, dataHora, descricao) VALUES (10, 'UPDATE', 'Tabela12', '2025-10-30 04:07:03', 'Log automatico 105');
INSERT INTO logsSistema(id_usuario, acao, tabelaAfetada, dataHora, descricao) VALUES (65, 'DELETE', 'Tabela20', '2026-03-15 04:07:03', 'Log automatico 106');
INSERT INTO logsSistema(id_usuario, acao, tabelaAfetada, dataHora, descricao) VALUES (95, 'DELETE', 'Tabela4', '2026-03-11 04:07:03', 'Log automatico 107');
INSERT INTO logsSistema(id_usuario, acao, tabelaAfetada, dataHora, descricao) VALUES (32, 'SELECT', 'Tabela2', '2026-01-01 04:07:03', 'Log automatico 108');
INSERT INTO logsSistema(id_usuario, acao, tabelaAfetada, dataHora, descricao) VALUES (45, 'UPDATE', 'Tabela5', '2025-10-25 04:07:03', 'Log automatico 109');
INSERT INTO logsSistema(id_usuario, acao, tabelaAfetada, dataHora, descricao) VALUES (67, 'DELETE', 'Tabela5', '2025-05-24 04:07:03', 'Log automatico 110');
INSERT INTO logsSistema(id_usuario, acao, tabelaAfetada, dataHora, descricao) VALUES (7, 'SELECT', 'Tabela12', '2025-06-01 04:07:03', 'Log automatico 111');
INSERT INTO logsSistema(id_usuario, acao, tabelaAfetada, dataHora, descricao) VALUES (54, 'SELECT', 'Tabela4', '2026-01-09 04:07:03', 'Log automatico 112');
INSERT INTO logsSistema(id_usuario, acao, tabelaAfetada, dataHora, descricao) VALUES (6, 'DELETE', 'Tabela16', '2025-12-22 04:07:03', 'Log automatico 113');
INSERT INTO logsSistema(id_usuario, acao, tabelaAfetada, dataHora, descricao) VALUES (91, 'DELETE', 'Tabela15', '2026-02-24 04:07:03', 'Log automatico 114');
INSERT INTO logsSistema(id_usuario, acao, tabelaAfetada, dataHora, descricao) VALUES (53, 'SELECT', 'Tabela7', '2025-10-18 04:07:03', 'Log automatico 115');
INSERT INTO logsSistema(id_usuario, acao, tabelaAfetada, dataHora, descricao) VALUES (50, 'UPDATE', 'Tabela15', '2025-12-21 04:07:03', 'Log automatico 116');
INSERT INTO logsSistema(id_usuario, acao, tabelaAfetada, dataHora, descricao) VALUES (106, 'UPDATE', 'Tabela5', '2025-07-16 04:07:03', 'Log automatico 117');
INSERT INTO logsSistema(id_usuario, acao, tabelaAfetada, dataHora, descricao) VALUES (3, 'DELETE', 'Tabela20', '2025-10-09 04:07:03', 'Log automatico 118');
INSERT INTO logsSistema(id_usuario, acao, tabelaAfetada, dataHora, descricao) VALUES (79, 'UPDATE', 'Tabela13', '2026-01-29 04:07:03', 'Log automatico 119');
INSERT INTO logsSistema(id_usuario, acao, tabelaAfetada, dataHora, descricao) VALUES (35, 'DELETE', 'Tabela3', '2025-06-04 04:07:03', 'Log automatico 120');