USE academico;

INSERT INTO cursos(nome, coordenador, cargaHorariaTotal) VALUES 
('Sistemas de Informação', 'Ana Silva', 3000),
('Ciência da Computação', 'Lucas Alves', 3200),
('Engenharia Civil', 'Fernanda Lima', 4000),
('Direito', 'Carlos Costa', 3800),
('Administração', 'Ricardo Souza', 3000),
('Psicologia', 'Maria Oliveira', 4000),
('Enfermagem', 'Pedro Santos', 4200),
('Arquitetura e Urbanismo', 'Julia Ferreira', 3900),
('Medicina Veterinária', 'Amanda Rodrigues', 4500),
('Educação Física', 'João Pereira', 3200);

INSERT INTO professores(nome, titulacao, email) VALUES 
('Pedro Souza 1', 'Especialista', 'prof1@email.com'),
('Amanda Pereira 2', 'Doutor', 'prof2@email.com'),
('Fernanda Costa 3', 'Doutor', 'prof3@email.com'),
('Ana Costa 4', 'Mestre', 'prof4@email.com'),
('Carlos Oliveira 5', 'Mestre', 'prof5@email.com'),
('Amanda Pereira 6', 'Especialista', 'prof6@email.com'),
('Pedro Oliveira 7', 'Mestre', 'prof7@email.com'),
('Fernanda Oliveira 8', 'Doutor', 'prof8@email.com'),
('Ricardo Lima 9', 'Especialista', 'prof9@email.com'),
('Amanda Ferreira 10', 'Especialista', 'prof10@email.com'),
('Pedro Rodrigues 11', 'Mestre', 'prof11@email.com'),
('Fernanda Pereira 12', 'Mestre', 'prof12@email.com'),
('Pedro Souza 13', 'Doutor', 'prof13@email.com'),
('Carlos Lima 14', 'Especialista', 'prof14@email.com'),
('Pedro Lima 15', 'Mestre', 'prof15@email.com'),
('Lucas Alves 16', 'Especialista', 'prof16@email.com'),
('Carlos Silva 17', 'Mestre', 'prof17@email.com'),
('Ricardo Oliveira 18', 'Mestre', 'prof18@email.com'),
('Carlos Alves 19', 'Mestre', 'prof19@email.com'),
('Lucas Souza 20', 'Especialista', 'prof20@email.com'),
('Lucas Lima 21', 'Doutor', 'prof21@email.com'),
('Ana Souza 22', 'Doutor', 'prof22@email.com'),
('Carlos Alves 23', 'Mestre', 'prof23@email.com'),
('Pedro Alves 24', 'Especialista', 'prof24@email.com'),
('Carlos Santos 25', 'Doutor', 'prof25@email.com'),
('Julia Alves 26', 'Doutor', 'prof26@email.com'),
('Fernanda Lima 27', 'Mestre', 'prof27@email.com'),
('Julia Souza 28', 'Doutor', 'prof28@email.com'),
('Amanda Ferreira 29', 'Doutor', 'prof29@email.com'),
('Lucas Souza 30', 'Doutor', 'prof30@email.com'),
('Maria Ferreira 31', 'Especialista', 'prof31@email.com'),
('João Silva 32', 'Especialista', 'prof32@email.com'),
('Maria Souza 33', 'Especialista', 'prof33@email.com'),
('Fernanda Santos 34', 'Mestre', 'prof34@email.com'),
('Pedro Alves 35', 'Doutor', 'prof35@email.com'),
('Pedro Oliveira 36', 'Especialista', 'prof36@email.com'),
('Maria Souza 37', 'Doutor', 'prof37@email.com'),
('Maria Santos 38', 'Mestre', 'prof38@email.com'),
('Carlos Silva 39', 'Doutor', 'prof39@email.com'),
('Ana Oliveira 40', 'Mestre', 'prof40@email.com'),
('Pedro Souza 41', 'Mestre', 'prof41@email.com'),
('Ricardo Oliveira 42', 'Doutor', 'prof42@email.com'),
('Amanda Oliveira 43', 'Especialista', 'prof43@email.com'),
('Amanda Pereira 44', 'Especialista', 'prof44@email.com'),
('João Silva 45', 'Doutor', 'prof45@email.com'),
('Pedro Pereira 46', 'Mestre', 'prof46@email.com'),
('Julia Pereira 47', 'Especialista', 'prof47@email.com'),
('Ana Lima 48', 'Mestre', 'prof48@email.com'),
('Amanda Ferreira 49', 'Especialista', 'prof49@email.com'),
('Carlos Ferreira 50', 'Mestre', 'prof50@email.com'),
('Pedro Oliveira 51', 'Especialista', 'prof51@email.com'),
('Lucas Ferreira 52', 'Especialista', 'prof52@email.com'),
('Lucas Oliveira 53', 'Doutor', 'prof53@email.com'),
('Amanda Oliveira 54', 'Doutor', 'prof54@email.com'),
('Pedro Alves 55', 'Especialista', 'prof55@email.com'),
('Ana Santos 56', 'Doutor', 'prof56@email.com'),
('Amanda Ferreira 57', 'Mestre', 'prof57@email.com'),
('João Santos 58', 'Especialista', 'prof58@email.com'),
('João Souza 59', 'Mestre', 'prof59@email.com'),
('Ana Alves 60', 'Mestre', 'prof60@email.com'),
('Ricardo Costa 61', 'Doutor', 'prof61@email.com'),
('João Souza 62', 'Mestre', 'prof62@email.com'),
('Ricardo Alves 63', 'Mestre', 'prof63@email.com'),
('Ricardo Silva 64', 'Doutor', 'prof64@email.com'),
('Carlos Santos 65', 'Especialista', 'prof65@email.com'),
('Pedro Alves 66', 'Doutor', 'prof66@email.com'),
('Maria Alves 67', 'Especialista', 'prof67@email.com'),
('Carlos Ferreira 68', 'Especialista', 'prof68@email.com'),
('Lucas Santos 69', 'Doutor', 'prof69@email.com'),
('João Pereira 70', 'Especialista', 'prof70@email.com'),
('Fernanda Rodrigues 71', 'Mestre', 'prof71@email.com'),
('Pedro Souza 72', 'Mestre', 'prof72@email.com'),
('João Ferreira 73', 'Doutor', 'prof73@email.com'),
('Lucas Souza 74', 'Doutor', 'prof74@email.com'),
('João Pereira 75', 'Especialista', 'prof75@email.com'),
('Lucas Santos 76', 'Especialista', 'prof76@email.com'),
('Fernanda Santos 77', 'Especialista', 'prof77@email.com'),
('Ricardo Rodrigues 78', 'Especialista', 'prof78@email.com'),
('Fernanda Costa 79', 'Doutor', 'prof79@email.com'),
('Ricardo Rodrigues 80', 'Mestre', 'prof80@email.com'),
('João Costa 81', 'Mestre', 'prof81@email.com'),
('Maria Souza 82', 'Especialista', 'prof82@email.com'),
('Fernanda Alves 83', 'Doutor', 'prof83@email.com'),
('Ricardo Costa 84', 'Especialista', 'prof84@email.com'),
('Maria Silva 85', 'Doutor', 'prof85@email.com'),
('Lucas Santos 86', 'Especialista', 'prof86@email.com'),
('Ana Oliveira 87', 'Mestre', 'prof87@email.com'),
('Amanda Costa 88', 'Mestre', 'prof88@email.com'),
('Pedro Costa 89', 'Especialista', 'prof89@email.com'),
('João Alves 90', 'Mestre', 'prof90@email.com'),
('Lucas Costa 91', 'Doutor', 'prof91@email.com'),
('Amanda Pereira 92', 'Doutor', 'prof92@email.com'),
('Pedro Lima 93', 'Especialista', 'prof93@email.com'),
('Ricardo Souza 94', 'Doutor', 'prof94@email.com'),
('Amanda Ferreira 95', 'Mestre', 'prof95@email.com'),
('Ana Oliveira 96', 'Mestre', 'prof96@email.com'),
('Carlos Costa 97', 'Especialista', 'prof97@email.com'),
('Lucas Lima 98', 'Especialista', 'prof98@email.com'),
('João Pereira 99', 'Doutor', 'prof99@email.com'),
('Ana Oliveira 100', 'Doutor', 'prof100@email.com'),
('Pedro Santos 101', 'Doutor', 'prof101@email.com'),
('Ricardo Pereira 102', 'Mestre', 'prof102@email.com'),
('Maria Oliveira 103', 'Doutor', 'prof103@email.com'),
('Ana Costa 104', 'Mestre', 'prof104@email.com'),
('Ricardo Silva 105', 'Especialista', 'prof105@email.com'),
('Maria Pereira 106', 'Doutor', 'prof106@email.com'),
('Maria Alves 107', 'Especialista', 'prof107@email.com'),
('Lucas Pereira 108', 'Especialista', 'prof108@email.com'),
('Maria Ferreira 109', 'Doutor', 'prof109@email.com'),
('Ricardo Ferreira 110', 'Mestre', 'prof110@email.com'),
('Amanda Silva 111', 'Mestre', 'prof111@email.com'),
('Ricardo Lima 112', 'Doutor', 'prof112@email.com'),
('Ricardo Oliveira 113', 'Doutor', 'prof113@email.com'),
('Maria Silva 114', 'Especialista', 'prof114@email.com'),
('Lucas Rodrigues 115', 'Doutor', 'prof115@email.com'),
('Ana Rodrigues 116', 'Mestre', 'prof116@email.com'),
('Pedro Silva 117', 'Especialista', 'prof117@email.com'),
('Lucas Oliveira 118', 'Mestre', 'prof118@email.com'),
 ('Amanda Santos 119', 'Mestre', 'prof119@email.com'),
 ('Carlos Costa 120', 'Especialista', 'prof120@email.com');
INSERT INTO disciplinas(nomeDisciplina, cargaHoraria) VALUES
('Algoritmos e Lógica de Programação', 80),
('Programação Orientada a Objetos', 80),
('Banco de Dados', 60),
('Engenharia de Software', 80),
('Desenvolvimento Web', 60),
('Redes de Computadores', 60),
('Segurança da Informação', 60),
('Inteligência Artificial', 80),
('Estrutura de Dados', 80),
('Sistemas Operacionais', 80),
('Cálculo I', 80),
('Cálculo II', 80),
('Física Geral', 80),
('Resistência dos Materiais', 100),
('Topografia', 60),
('Mecânica dos Solos', 80),
('Construção Civil', 100),
('Hidráulica', 80),
('Estruturas de Concreto', 100),
('Desenho Técnico', 60),
('Teoria Geral do Direito', 60),
('Direito Constitucional', 80),
('Direito Penal', 80),
('Direito Civil', 80),
('Direito Trabalhista', 60),
('Direito Empresarial', 60),
('Direitos Humanos', 60),
('Ética Profissional', 40),
('Processo Penal', 80),
('Mediação e Arbitragem', 60),
('Administração Financeira', 80),
('Gestão de Pessoas', 60),
('Marketing', 60),
('Empreendedorismo', 60),
('Contabilidade Geral', 80),
('Planejamento Estratégico', 60),
('Economia', 60),
('Logística Empresarial', 60),
('Gestão de Projetos', 80),
('Comércio Exterior', 60),
('Psicologia Geral', 60),
('Psicologia Cognitiva', 80),
('Psicologia Social', 60),
('Psicopatologia', 80),
('Neuropsicologia', 80),
('Psicanálise', 60),
('Avaliação Psicológica', 80),
('Psicologia Organizacional', 60),
('Psicologia Infantil', 60),
('Ética em Psicologia', 40),
('Anatomia Humana', 100),
('Fisiologia Humana', 80),
('Microbiologia', 60),
('Farmacologia', 80),
('Enfermagem Clínica', 100),
('Urgência e Emergência', 80),
('Saúde Coletiva', 60),
('Bioquímica', 60),
('Parasitologia', 60),
('Primeiros Socorros', 40),
('História da Arquitetura', 60),
('Projeto Arquitetônico', 100),
('Urbanismo', 80),
('Paisagismo', 60),
('Conforto Ambiental', 60),
('Maquete e Modelagem', 60),
('Arquitetura Sustentável', 80),
('Desenho Arquitetônico', 80),
('Planejamento Urbano', 80),
('Tecnologia das Construções', 80),
('Anatomia Veterinária', 100),
('Zoologia', 60),
('Clínica Veterinária', 100),
('Cirurgia Veterinária', 100),
('Nutrição Animal', 60),
('Parasitologia Veterinária', 80),
('Reprodução Animal', 80),
('Patologia Animal', 80),
('Saúde Animal', 60),
('Farmacologia Veterinária', 80),
('Biomecânica', 60),
('Fisiologia do Exercício', 80),
('Treinamento Esportivo', 80),
('Nutrição Esportiva', 60),
('Educação Física Escolar', 80),
('Recreação e Lazer', 60),
('Esportes Coletivos', 80),
('Atividade Física e Saúde', 60),
('Avaliação Física', 60),
('Psicomotricidade', 60),
('Machine Learning', 80),
('Computação em Nuvem', 60),
('Big Data', 80),
('Análise de Sistemas', 80),
('Programação Mobile', 60),
('UX e UI Design', 60),
('Computação Gráfica', 80),
('Internet das Coisas', 60),
('Data Science', 80),
('Auditoria de Sistemas', 60),
('Bioética', 40),
('Metodologia Científica', 40),
('Comunicação Empresarial', 40),
('Sociologia', 60),
('Filosofia', 40),
('Estatística', 60),
('Matemática Financeira', 60),
('Gestão Ambiental', 60),
('Empreendedorismo Digital', 60),
('Legislação Profissional', 40),
('Inglês Técnico', 40),
('Produção Textual', 40),
('Didática', 60),
('Gestão Hospitalar', 60),
('Programação Avançada', 80),
('Banco de Dados Avançado', 80),
('Redes Sem Fio', 60),
('Segurança em Redes', 80),
('Direito Digital', 60),
('Perícia Forense Computacional', 80),
('Ética e Cidadania', 40),
('Pesquisa Operacional', 60),
('Gestão da Qualidade', 60),
('Administração Pública', 60),
('Psicologia do Trabalho', 60),
('Engenharia Econômica', 60),
('Arquitetura de Software', 80),
('Computação Distribuída', 80),
('Desenvolvimento Full Stack', 100),
('Projeto Integrador', 100),
('Desenvolvimento de APIs', 80),
('Frameworks Java', 80),
('Programação em Python', 60),
('Teste de Software', 60),
('Versionamento com Git', 40),
('DevOps', 80),
('Kubernetes', 60),
('Docker e Containers', 60),
('Computação Paralela', 80),
('Mineração de Dados', 80),
('Visão Computacional', 80),
('Processamento de Imagens', 60),
('Programação Funcional', 60),
('Compiladores', 80),
('Linguagens Formais e Autômatos', 80),
('Governança de TI', 60),
('Business Intelligence', 60),
('Análise e Projeto de Sistemas', 80),
('Qualidade de Software', 60),
('Engenharia de Requisitos', 60),
('Pavimentação', 80),
('Saneamento Básico', 80),
('Engenharia de Tráfego', 60),
('Materiais de Construção', 80),
('Pontes e Viadutos', 80),
('Geotecnia', 80),
('Instalações Elétricas Prediais', 60),
('Instalações Hidrossanitárias', 60),
('Planejamento de Obras', 80),
('Gerenciamento de Obras', 80),
('Engenharia de Transportes', 60),
('Concreto Protendido', 80),
('Estruturas Metálicas', 80),
('Fundações', 80),
('Patologia das Construções', 60),
('Orçamento de Obras', 60),
('Construções Sustentáveis', 60),
('Engenharia Ambiental', 60),
('Segurança do Trabalho na Construção', 40),
('Projeto Estrutural', 100),
('Direito Tributário', 80),
('Direito Administrativo', 80),
('Direito Ambiental', 60),
('Direito Internacional', 60),
('Direito Previdenciário', 60),
('Direito do Consumidor', 60),
('Direito Eleitoral', 60),
('Direito Processual Civil', 80),
('Criminologia', 60),
('Prática Jurídica Penal', 80),
('Prática Jurídica Civil', 80),
('Oratória Jurídica', 40),
('Direito Financeiro', 60),
('Direito Bancário', 60),
('Direito da Criança e do Adolescente', 60),
('Direito Médico', 60),
('Direito Imobiliário', 60),
('Direito Digital Avançado', 80),
('Execução Penal', 60),
('Compliance e Governança', 60),
('Administração de Produção', 80),
('Gestão de Custos', 60),
('Liderança Empresarial', 60),
('Consultoria Organizacional', 60),
('Mercado Financeiro', 80),
('Análise de Crédito', 60),
('Gestão de Startups', 60),
('Negociação Empresarial', 60),
('Planejamento Financeiro', 60),
('Administração Mercadológica', 60),
('Gestão de Serviços', 60),
('Gestão Comercial', 60),
('Finanças Corporativas', 80),
('Estratégias Competitivas', 60),
('Tomada de Decisão', 60),
('Controladoria', 80),
('Governança Corporativa', 60),
('Análise Organizacional', 60),
('Inovação Empresarial', 60),
('Gestão de Processos', 60),
('Psicologia Clínica', 80),
('Psicologia Hospitalar', 60),
('Psicologia Jurídica', 60),
('Psicologia Experimental', 80),
('Teorias da Personalidade', 60),
('Saúde Mental', 60),
('Psicologia da Aprendizagem', 60),
('Psicologia Comunitária', 60),
('Dependência Química', 60),
('Psicologia da Família', 60),
('Psicologia Escolar', 60),
('Psicologia Humanista', 60),
('Psicoterapia', 80),
('Entrevista Psicológica', 40),
('Psicodiagnóstico', 80),
('Psicologia e Inclusão', 60),
('Psicologia do Desenvolvimento', 80),
('Intervenções Psicológicas', 60),
('Psicologia da Saúde', 60),
('Psicologia Comportamental', 60),
('Enfermagem Pediátrica', 80),
('Enfermagem Obstétrica', 80),
('UTI e Terapia Intensiva', 100),
('Semiologia', 80),
('Saúde da Mulher', 60),
('Saúde do Idoso', 60),
('Imunologia', 60),
('Epidemiologia', 60),
('Enfermagem Cirúrgica', 80),
('Oncologia', 60),
('Saúde Mental em Enfermagem', 60),
('Assistência Pré-Hospitalar', 80),
('Humanização Hospitalar', 40),
('Diagnóstico por Imagem', 60),
('Administração em Enfermagem', 60),
('Terapia Medicamentosa', 60),
('Hematologia', 60),
('Cuidados Paliativos', 40),
('Saúde Pública', 60),
('Biossegurança', 40),
('Interiores Residenciais', 60),
('Arquitetura Comercial', 60),
('Design de Interiores', 80),
('Restauro Arquitetônico', 60),
('Projeto Paisagístico', 60),
('Conforto Térmico', 60),
('Iluminação Arquitetônica', 60),
('Patrimônio Histórico', 60),
('CAD para Arquitetura', 80),
('Modelagem 3D', 80),
('Renderização Digital', 60),
('Design Urbano', 60),
('Arquitetura Moderna', 60),
('Arquitetura Contemporânea', 60),
('Acústica Arquitetônica', 60),
('Projetos Estruturais', 80),
('Habitação Social', 60),
('Gestão de Obras Arquitetônicas', 60),
('Paisagismo Urbano', 60),
('Projeto Executivo', 100),
('Anestesiologia Veterinária', 80),
('Clínica de Pequenos Animais', 100),
('Clínica de Grandes Animais', 100),
('Diagnóstico Veterinário', 80),
('Doenças Infecciosas', 80),
('Inspeção de Produtos de Origem Animal', 60),
('Bem-Estar Animal', 60),
('Toxicologia Veterinária', 60),
('Medicina Preventiva Veterinária', 60),
('Animais Silvestres', 60),
('Equideocultura', 60),
('Bovinocultura', 60),
('Avicultura', 60),
('Suinocultura', 60),
('Técnica Cirúrgica Veterinária', 80),
('Radiologia Veterinária', 60),
('Laboratório Clínico Veterinário', 60),
('Patologia Clínica Veterinária', 80),
('Zoonoses', 60),
('Reprodução de Pequenos Animais', 60),
('Musculação', 60),
('Treinamento Funcional', 60),
('Futebol e Futsal', 60),
('Voleibol', 60),
('Basquetebol', 60),
('Natação', 60),
('Atletismo', 60),
('Ginástica', 60),
('Biomecânica Aplicada', 80),
('Fisiologia Aplicada ao Esporte', 80),
('Avaliação Nutricional', 60),
('Preparação Física', 80),
('Personal Trainer', 60),
('Treinamento de Alto Rendimento', 80),
('Atividade Física Adaptada', 60),
('Lutas e Artes Marciais', 60),
('Dança e Expressão Corporal', 60),
('Educação Física Inclusiva', 60),
('Treinamento Cardiorrespiratório', 60),
('Reabilitação Física', 60);
INSERT INTO curriculos(id_curso, anoInicio, versao) VALUES
(1, 2021, 1),(1, 2023, 2),(1, 2025, 3),
(2, 2020, 1),(2, 2022, 2),(2, 2024, 3),
(3, 2021, 1),(3, 2023, 2),(3, 2025, 3),
(4, 2020, 1),(4, 2022, 2),(4, 2024, 3),
(5, 2021, 1),(5, 2023, 2),(5, 2025, 3),
(6, 2020, 1),(6, 2022, 2),(6, 2024, 3),
(7, 2021, 1),(7, 2023, 2),(7, 2025, 3),
(8, 2020, 1),(8, 2022, 2),(8, 2024, 3),
(9, 2021, 1),(9, 2023, 2),(9, 2025, 3),
(10, 2020, 1),(10, 2022, 2),(10, 2024, 3),
(1, 2026, 4),(2, 2026, 4),(3, 2026, 4),
(4, 2026, 4),(5, 2026, 4),(6, 2025, 4),
(7, 2024, 4),(8, 2025, 4),(9, 2024, 4),(10, 2025, 4);

INSERT INTO alunos(nome, cpf, email, dataNascimento, id_curso) VALUES 
('Amanda Oliveira Silva', '54514291824', 'amanda.silva@email.com', '2008-10-08', 8),
('Lucas Henrique Silva', '568.978.495-52', 'lucas.silva@email.com', '2008-03-17', 3),
('Pedro Souza Lima', '32970174227', 'pedro.lima@email.com', '2007-11-22', 7),
('Julia Pereira Costa', '154.227.436-65', 'julia.costa@email.com', '2007-04-26', 5),
('Carlos Rodrigues Alves', '95104532139', 'carlos.alves@email.com', '2005-12-13', 2),
('Lucas Costa Ferreira', '616.485.704-18', 'lucas.ferreira@email.com', '2004-11-10', 9),
('Ana Beatriz Oliveira', '71398692504', 'ana.oliveira@email.com', '2001-03-03', 1),
('Fernanda Souza Santos', '381.600.790-19', 'fernanda.santos@email.com', '2003-07-23', 4),
('Julia Alves Rodrigues', '17178987035', 'julia.rodrigues@email.com', '2005-08-11', 10),
('Carlos Eduardo Lima', '884.839.505-47', 'carlos.lima@email.com', '2001-11-09', 6),
('Ricardo Lima Costa', '43184405889', 'ricardo.costa@email.com', '2002-10-19', 3),
('Carlos Ferreira Souza', '282.370.619-76', 'carlos.souza@email.com', '2004-01-01', 5),
('Ricardo Oliveira Santos', '41523416202', 'ricardo.santos@email.com', '2005-06-04', 2),
('Amanda Ferreira Lima', '936.131.184-16', 'amanda.lima@email.com', '2005-05-23', 7),
('Ricardo Pereira Silva', '98571679825', 'ricardo.silva@email.com', '2004-06-18', 8),
('Amanda Alves Costa', '603.412.611-58', 'amanda.costa@email.com', '2005-06-28', 1),
('Ricardo Costa Lima', '60161480271', 'ricardo.lima@email.com', '2002-10-19', 9),
('Lucas Ferreira Souza', '790.843.795-11', 'lucas.souza@email.com', '2001-11-06', 4),
('Carlos Costa Rodrigues', '89451463601', 'carlos.rodrigues@email.com', '2002-08-23', 10),
('Carlos Santos Pereira', '797.402.720-91', 'carlos.pereira@email.com', '2006-05-28', 6),
('Maria Rodrigues Lima', '93701702528', 'maria.lima@email.com', '2004-12-01', 3),
('Carlos Pereira Costa', '735.900.031-25', 'carlos.costa@email.com', '2003-06-29', 2),
('Ricardo Costa Ferreira', '37240255612', 'ricardo.ferreira@email.com', '2003-10-08', 5),
('Carlos Oliveira Santos', '488.245.435-91', 'carlos.santos@email.com', '2004-06-08', 1),
('Ricardo Costa Souza', '13878391786', 'ricardo.souza@email.com', '2004-12-24', 7),
('Pedro Pereira Lima', '333.427.146-73', 'pedro.lima2@email.com', '2002-05-04', 8),
('Pedro Santos Oliveira', '69411751360', 'pedro.oliveira@email.com', '2003-03-17', 9),
('Lucas Alves Ferreira', '657.047.832-70', 'lucas.ferreira2@email.com', '2003-04-28', 4),
('Ricardo Lima Souza', '91138404665', 'ricardo.souza2@email.com', '2003-06-11', 10),
('Pedro Costa Santos', '399.085.481-46', 'pedro.santos@email.com', '2002-10-06', 6),
('Carlos Lima Oliveira', '54757549753', 'carlos.oliveira@email.com', '2007-11-16', 2),
('João Alves Costa', '321.970.821-17', 'joao.costa@email.com', '2007-07-04', 1),
('Carlos Silva Pereira', '29408383107', 'carlos.pereira2@email.com', '2002-03-21', 5),
('Julia Silva Rodrigues', '400.590.114-05', 'julia.rodrigues2@email.com', '2004-04-08', 8),
('Carlos Lima Ferreira', '41171122042', 'carlos.ferreira@email.com', '2003-05-08', 9),
('João Souza Lima', '433.451.997-37', 'joao.lima@email.com', '2001-01-05', 4),
('Carlos Costa Oliveira', '29093347219', 'carlos.oliveira2@email.com', '2008-04-02', 3),
('Maria Silva Santos', '902.183.845-51', 'maria.santos@email.com', '2009-03-26', 10),
('Ricardo Santos Costa', '63537322336', 'ricardo.costa2@email.com', '2004-04-25', 7),
('Carlos Alves Lima', '650.445.553-77', 'carlos.lima2@email.com', '2003-10-26', 6),
('Pedro Silva Souza', '32301221630', 'pedro.souza@email.com', '2002-06-12', 2),
('Amanda Silva Rodrigues', '711.614.301-24', 'amanda.rodrigues@email.com', '2004-08-21', 1),
('Ricardo Costa Pereira', '29614207457', 'ricardo.pereira@email.com', '2008-10-03', 5),
('Pedro Costa Lima', '233.041.784-51', 'pedro.lima3@email.com', '2004-06-22', 3),
('Amanda Silva Costa', '98606424000', 'amanda.costa2@email.com', '2004-09-01', 8),
('Julia Ferreira Santos', '498.946.302-96', 'julia.santos@email.com', '2002-12-25', 9),
('Julia Oliveira Lima', '90655217249', 'julia.lima@email.com', '2003-02-02', 4),
('Carlos Souza Pereira', '677.268.372-02', 'carlos.pereira3@email.com', '2002-02-04', 10),
('João Pereira Costa', '22985519176', 'joao.costa2@email.com', '2008-10-18', 6),
('Ana Pereira Lima', '724.806.720-71', 'ana.lima@email.com', '2007-07-25', 7);

INSERT INTO disciplinas_curriculo(id_disciplina, id_curriculo, periodoIdeal) VALUES
(1, 1, 1),(9, 1, 1),(11, 1, 1),(2, 1, 2),(3, 1, 2),
(10, 1, 2),(4, 1, 3),(5, 1, 3),(106, 1, 3),(8, 1, 4),
(91, 1, 4),(129, 1, 5),(11, 2, 1),(12, 2, 1),(20, 2, 1),
(13, 2, 2),(14, 2, 2),(15, 2, 3),(16, 2, 3),(17, 2, 4),
(18, 2, 4),(19, 2, 5),(70, 2, 5),(129, 2, 6),(21, 3, 1),
(22, 3, 1),(28, 3, 1),(24, 3, 2),(23, 3, 2),(25, 3, 3),
(26, 3, 3),(29, 3, 4),(30, 3, 4),(104, 3, 5),(100, 3, 5),
(129, 3, 6),(31, 4, 1),(35, 4, 1),(37, 4, 2),(32, 4, 2),
(33, 4, 3),(34, 4, 3),(36, 4, 4),(38, 4, 4),(39, 4, 5),
(40, 4, 5),(107, 4, 6),(129, 4, 6),(41, 5, 1),(42, 5, 1),
(43, 5, 2),(44, 5, 2),(45, 5, 3),(46, 5, 3),(47, 5, 4),
(48, 5, 4),(49, 5, 5),(50, 5, 5),(123, 5, 6),(129, 5, 6),
(51, 6, 1),(52, 6, 1),(53, 6, 2),(54, 6, 2),(55, 6, 3),
(56, 6, 3),(57, 6, 4),(58, 6, 4),(59, 6, 5),(60, 6, 5),
(114, 6, 6),(129, 6, 6),(61, 7, 1),(68, 7, 1),(62, 7, 2),
(63, 7, 2),(64, 7, 3),(65, 7, 3),(66, 7, 4),(67, 7, 4),
(69, 7, 5),(70, 7, 5),(108, 7, 6),(129, 7, 6),(71, 8, 1),
(72, 8, 1),(75, 8, 2),(76, 8, 2),(73, 8, 3),(74, 8, 3),
(77, 8, 4),(78, 8, 4),(79, 8, 5),(80, 8, 5),(99, 8, 6),
(129, 8, 6),(81, 9, 1),(82, 9, 1),(83, 9, 2),(84, 9, 2),
(85, 9, 3),(86, 9, 3),(87, 9, 4),(88, 9, 4),(89, 9, 5),
(90, 9, 5),(123, 9, 6),(129, 9, 6),(1, 10, 1),(9, 10, 1),
(11, 10, 1),(2, 10, 2),(3, 10, 2),(92, 10, 3),(93, 10, 3),
(94, 10, 4),(95, 10, 4),(96, 10, 5),(97, 10, 5),(98, 10, 6),
(124, 10, 6),(125, 10, 7),(126, 10, 7),(127, 10, 8),(128, 10, 8),(129, 10, 9);

INSERT INTO pre_requisitos VALUES
(2, 1),(9, 1),(4, 2),(5, 2),(10, 6),
(7, 6),(8, 9),(91, 8),(99, 91),(92, 3),(93, 3),
(94, 4),(95, 2),(96, 5),(97, 2),(98, 6),
(100, 7),(111, 2),(112, 3),(113, 6),(114, 7),
(116, 7),(123, 111),(124, 111),(125, 1),(126, 4),
(127, 1),(128, 4),(129, 128),(130, 128),(131, 10),
(132, 93),(133, 91),(134, 133),(135, 1),(136, 135),
(137, 1),(138, 94),(139, 93),(140, 94),(141, 4),
(142, 4),(147, 39),(14, 13),(16, 15),(17, 14),
(18, 13),(19, 14),(143, 17),(144, 18),(145, 15),
(146, 17),(148, 19),(149, 16),(150, 17),(151, 18),
(152, 17),(153, 152),(154, 145),(155, 19),(156, 19),
(157, 149),(158, 17),(159, 152),(160, 17),(161, 144),
(162, 17),(163, 19),(22, 21),(23, 21),(24, 21),
(25, 24),(26, 24),(29, 23),(30, 24),(164, 24),
(165, 22),(166, 22),(167, 22),(168, 24),(169, 24),
(170, 22),(171, 24),(172, 23),(173, 29),(174, 171),
(175, 21),(176, 164),(177, 164),(178, 24),(179, 24),
(180, 24),(181, 115),(182, 29),(183, 26),(32, 31),
(33, 31),(34, 31),(35, 31),(36, 34),(38, 31),
(39, 36),(40, 38),(184, 31),(185, 35),(186, 32),
(187, 36),(188, 31),(189, 188),(190, 34),(191, 33),
(192, 31),(193, 33),(194, 32),(195, 33),(196, 188),
(197, 36),(198, 36),(199, 35),(200, 36),(201, 32),
(202, 34),(203, 39);


INSERT INTO semestres(codigo_semestre, aberto_matricula) VALUES (20212, 'N'),
(20221, 'S'),(20232, 'N'),(20241, 'N'),(20252, 'S'),
(20261, 'N'),(20202, 'N'),(20211, 'S'),(20222, 'N'),
(20231, 'S'),(20242, 'N'),(20251, 'S'),(20262, 'N'),
(20201, 'S'),(20212, 'S'),(20221, 'S'),(20232, 'S'),
(20241, 'N'),(20252, 'N'),(20261, 'N'),(20202, 'S'),
(20211, 'N'),(20222, 'S'),(20231, 'N'),(20242, 'N'),
(20251, 'N'),(20262, 'N'),(20201, 'S'),(20212, 'N'),
(20221, 'N'),(20232, 'N'),(20241, 'S'),(20252, 'S'),
(20261, 'N'),(20202, 'S'),(20211, 'N'),(20222, 'S'),
(20231, 'S'),(20242, 'N'),(20251, 'N'),(20262, 'S'),
(20201, 'S'),(20212, 'S'),(20221, 'N'),(20232, 'S'),
(20241, 'S'),(20252, 'N'),(20261, 'S'),(20202, 'S'),
(20211, 'S'),(20222, 'N'),(20231, 'N'),(20242, 'S'),
(20251, 'S'),(20262, 'N'),(20201, 'S'),(20212, 'N'),
(20221, 'S'),(20232, 'N'),(20241, 'S'),(20252, 'N'),
(20261, 'N'),(20202, 'N'),(20211, 'N'),(20222, 'S'),
(20231, 'N'),(20242, 'S'),(20251, 'S'),(20262, 'N'),
(20201, 'S'),(20212, 'S'),(20221, 'S'),(20232, 'N'),
(20241, 'S'),(20252, 'S'),(20261, 'N'),(20202, 'N'),
(20211, 'S'),(20222, 'N'),(20231, 'N'),(20242, 'N'),
(20251, 'S'),(20262, 'S'),(20201, 'S'),(20212, 'S'),
(20221, 'N'),(20232, 'S'),(20241, 'S'),(20252, 'N'),
(20261, 'N'),(20202, 'S'),(20211, 'S'),(20222, 'N'),
(20231, 'S'),(20242, 'N'),(20251, 'N'),(20262, 'N'),
(20201, 'N'),(20212, 'N'),(20221, 'N'),(20232, 'S'),
(20241, 'S'),(20252, 'S'),(20261, 'N'),(20202, 'N'),
(20211, 'N'),(20222, 'N'),(20231, 'N'),(20242, 'N'),
(20251, 'S'),(20262, 'N'),(20201, 'N'),(20212, 'N'),
(20221, 'S'),(20232, 'N'),(20241, 'S'),(20252, 'N'),
(20261, 'S'),(20202, 'S'),(20211, 'S');

INSERT INTO turmas(id_disciplina, id_professor, id_semestre, max_vagas, vagas_ocupadas) VALUES
(1, 12, 1, 40, 32),(2, 15, 1, 45, 38),(3, 18, 1, 35, 30),(4, 20, 2, 50, 42),
(5, 22, 2, 40, 25),(6, 25, 2, 45, 40),(7, 28, 3, 35, 20),(8, 30, 3, 40, 34),
(9, 33, 3, 50, 48),(10, 35, 4, 45, 41),(11, 38, 4, 40, 29),(12, 40, 4, 35, 27),
(13, 42, 5, 50, 44),(14, 45, 5, 40, 33),(15, 47, 5, 30, 18),(16, 50, 6, 45, 39),
(17, 52, 6, 50, 46),(18, 55, 6, 35, 24),(19, 58, 7, 40, 31),(20, 60, 7, 45, 37),
(21, 63, 7, 50, 43),(22, 65, 8, 40, 35),(23, 68, 8, 35, 19),(24, 70, 8, 45, 28),
(25, 72, 9, 40, 22),(26, 75, 9, 50, 49),(27, 78, 9, 35, 14),(28, 80, 10, 45, 30),
(29, 82, 10, 40, 36),(30, 85, 10, 50, 45),(31, 88, 11, 35, 17),(32, 90, 11, 45, 39),
(33, 92, 11, 40, 26),(34, 95, 12, 50, 47),(35, 98, 12, 35, 21),(36, 100, 12, 45, 33),
(37, 102, 13, 40, 29),(38, 105, 13, 50, 41),(39, 108, 13, 35, 18),(40, 110, 14, 45, 37),
(41, 112, 14, 40, 34),(42, 115, 14, 50, 48),(43, 117, 15, 35, 15),(44, 119, 15, 45, 27),
(45, 10, 15, 40, 32),(46, 14, 16, 50, 44),(47, 16, 16, 35, 20),(48, 19, 16, 45, 38),
(49, 21, 17, 40, 35),(50, 24, 17, 50, 46),(51, 26, 17, 35, 12),(52, 29, 18, 45, 31),
(53, 31, 18, 40, 25),(54, 34, 18, 50, 42),(55, 36, 19, 35, 16),(56, 39, 19, 45, 37),
(57, 41, 19, 40, 30),(58, 44, 20, 50, 49),(59, 46, 20, 35, 23),(60, 49, 20, 45, 34),
(61, 51, 21, 40, 28),(62, 54, 21, 50, 40),(63, 56, 21, 35, 19),(64, 59, 22, 45, 36),
(65, 61, 22, 40, 31),(66, 64, 22, 50, 45),(67, 66, 23, 35, 14),(68, 69, 23, 45, 29),
(69, 71, 23, 40, 33),(70, 74, 24, 50, 47),(71, 76, 24, 35, 20),(72, 79, 24, 45, 38),
(73, 81, 25, 40, 27),(74, 84, 25, 50, 43),(75, 86, 25, 35, 18),(76, 89, 26, 45, 35),
(77, 91, 26, 40, 26),(78, 94, 26, 50, 48),(79, 96, 27, 35, 11),(80, 99, 27, 45, 30),
(81, 101, 27, 40, 22),(82, 104, 28, 50, 41),(83, 106, 28, 35, 17),(84, 109, 28, 45, 36),
(85, 111, 29, 40, 29),(86, 114, 29, 50, 44),(87, 116, 29, 35, 13),(88, 118, 30, 45, 32),
(89, 120, 30, 40, 35),(90, 11, 30, 50, 46);


INSERT INTO historicoAluno (id_aluno, id_disciplina, notaFinal, status, dataConclusao) VALUES
(7, 29, 9.73, 'Aprovado', '2023-01-06'),
(17, 59, 3.65, 'Reprovado', '2024-09-21'),
(24, 61, 8.63, 'Cursando', NULL),
(27, 81, 8.04, 'Aprovado', '2025-04-29'),
(13, 2, 9.31, 'Aprovado', '2023-02-04'),
(9, 47, 4.99, 'Reprovado', '2024-06-04'),
(37, 41, 3.12, 'Cursando', NULL),
(27, 33, 6.38, 'Aprovado', '2025-06-13'),
(9, 48, 5.77, 'Reprovado', '2025-03-10'),
(11, 19, 1.63, 'Reprovado', '2023-10-24'),
(4, 37, 8.24, 'Aprovado', '2024-05-28'),
(5, 41, 4.21, 'Reprovado', '2023-06-18'),
(21, 48, 2.46, 'Reprovado', '2023-03-08'),
(29, 43, 7.87, 'Aprovado', '2024-12-06'),
(41, 6, 2.80, 'Reprovado', '2023-04-09'),
(36, 5, 9.72, 'Aprovado', '2023-06-16'),
(16, 47, 3.40, 'Reprovado', '2025-08-06'),
(18, 12, 8.01, 'Aprovado', '2025-06-20'),
(47, 46, 8.79, 'Aprovado', '2023-11-18'),
(49, 10, 0.12, 'Reprovado', '2025-03-09'),
(46, 19, 1.71, 'Reprovado', '2025-01-24'),
(47, 30, 7.78, 'Cursando', NULL),
(49, 47, 8.42, 'Cursando', NULL),
(7, 24, 5.45, 'Reprovado', '2025-02-20'),
(15, 16, 5.23, 'Reprovado', '2024-12-16'),
(22, 41, 1.34, 'Cursando', NULL),
(3, 9, 5.04, 'Cursando', NULL),
(1, 28, 7.20, 'Cursando', NULL),
(43, 6, 2.21, 'Reprovado', '2024-04-24'),
(11, 16, 8.88, 'Aprovado', '2023-02-19'),

(17, 39, 0.07, 'Reprovado', '2024-03-04'),
(29, 31, 3.06, 'Reprovado', '2025-05-29'),
(4, 3, 7.47, 'Aprovado', '2025-05-09'),
(29, 20, 9.87, 'Aprovado', '2023-01-01'),
(41, 3, 8.99, 'Aprovado', '2023-11-14'),
(26, 13, 0.82, 'Cursando', NULL),
(7, 46, 4.42, 'Reprovado', '2024-08-03'),
(3, 26, 2.84, 'Reprovado', '2025-03-02'),
(36, 41, 4.19, 'Reprovado', '2024-09-03'),
(2, 19, 4.66, 'Reprovado', '2025-06-10'),
(33, 47, 0.95, 'Cursando', NULL),
(49, 46, 2.42, 'Reprovado', '2023-01-12'),
(33, 6, 3.70, 'Cursando', NULL),
(10, 22, 8.88, 'Aprovado', '2025-03-28'),
(39, 47, 0.78, 'Reprovado', '2023-05-05'),
(24, 38, 1.13, 'Reprovado', '2023-03-13'),
(27, 50, 3.77, 'Reprovado', '2024-07-26'),
(48, 49, 5.53, 'Reprovado', '2025-02-22'),
(11, 48, 2.73, 'Reprovado', '2023-10-28'),
(34, 47, 2.43, 'Reprovado', '2023-02-26');

INSERT INTO matriculas(id_aluno, id_turma, status, nota_final) VALUES
(1, 12, 'Aprovado', 8.50),
(2, 15, 'Aprovado', 7.80),
(3, 18, 'Reprovado', 4.20),
(4, 20, 'Cursando', NULL),
(5, 22, 'Aprovado', 9.10),
(6, 25, 'Aprovado', 6.70),
(7, 28, 'Reprovado', 3.90),
(8, 30, 'Cursando', NULL),
(9, 33, 'Aprovado', 8.00),
(10, 35, 'Aprovado', 7.20),
(11, 38, 'Reprovado', 2.80),
(12, 40, 'Aprovado', 6.50),
(13, 42, 'Cursando', NULL),
(14, 45, 'Aprovado', 9.40),
(15, 47, 'Reprovado', 4.70),
(16, 50, 'Aprovado', 7.90),
(17, 52, 'Aprovado', 8.30),
(18, 55, 'Cursando', NULL),
(19, 58, 'Reprovado', 1.90),
(20, 60, 'Aprovado', 6.80),
(21, 63, 'Aprovado', 7.40),
(22, 65, 'Cursando', NULL),
(23, 68, 'Reprovado', 3.50),
(24, 70, 'Aprovado', 8.90),
(25, 72, 'Aprovado', 9.00),
(26, 75, 'Reprovado', 4.10),
(27, 78, 'Cursando', NULL),
(28, 80, 'Aprovado', 7.10),
(29, 82, 'Aprovado', 8.60),
(30, 85, 'Reprovado', 2.30),
(31, 88, 'Aprovado', 6.90),
(32, 90, 'Cursando', NULL),
(33, 92, 'Aprovado', 7.70),
(34, 95, 'Reprovado', 3.00),
(35, 98, 'Aprovado', 8.40),
(36, 99, 'Aprovado', 9.50),
(37, 2, 'Cursando', NULL),
(38, 5, 'Reprovado', 4.40),
(39, 7, 'Aprovado', 7.00),
(40, 10, 'Aprovado', 8.10),
(41, 12, 'Reprovado', 1.70),
(42, 15, 'Cursando', NULL),
(43, 17, 'Aprovado', 6.60),
(44, 19, 'Aprovado', 7.30),
(45, 10, 'Reprovado', 4.80),
(46, 14, 'Aprovado', 8.70),
(47, 16, 'Cursando', NULL),
(48, 19, 'Aprovado', 9.20),
(49, 21, 'Reprovado', 2.50),
(50, 24, 'Aprovado', 7.60);
